protein_id,start_residue,end_residue,window_size,mean_std,max_std,max_range,max_disagreement_residue,mean_score,ADOPT_scaled_score_at_max,IUPred3_scaled_score_at_max,SETH_scaled_score_at_max,atlas_scaled_score_at_max,chezod_scaled_score_at_max,disprot_scaled_score_at_max,pdbflex_scaled_score_at_max,plddt_scaled_score_at_max,softdis_scaled_score_at_max,trizod_scaled_score_at_max
P48594,331,360,30,2.19138,3.29842,11.7163,344,0.782262,-0.743482,-0.45741,-0.818128,-0.521468,1.01509,0.709154,10.8982,1.27492,0.362397,0.732834
P01011,361,390,30,2.1098,3.22579,11.3606,373,0.716028,-0.319871,-0.712365,-0.554699,-0.707819,1.01775,0.526535,10.6482,1.17194,0.0431133,0.670066
P29508,331,360,30,2.09357,3.42555,12.0227,342,0.856353,-0.45608,-0.195038,-0.660343,-0.644768,0.632155,0.314375,11.3222,0.948691,-0.0511513,0.418995
Q9UIV8,331,360,30,2.00256,3.23956,11.3536,343,0.727907,-0.614034,-0.077907,-0.342505,-0.587321,0.459692,0.0646161,10.6773,0.647406,-0.191028,0.286075
P01009,361,390,30,2.00026,3.19689,11.2338,370,0.542744,-0.205017,-0.457801,-0.597773,-0.639164,0.857068,0.381514,10.5947,0.972977,0.0856845,0.455917
Q86WD7,361,390,30,1.98191,3.24742,11.6156,366,0.720318,-0.064118,0.0638212,-0.131217,-0.612542,1.02909,0.518478,11.0031,1.09692,0.173868,0.762371
O75830,331,360,30,1.96239,3.18322,11.3141,346,0.620804,-0.581446,-0.0521382,-0.231874,-0.627954,1.02398,0.660814,10.6862,1.2012,0.268132,0.81037
P29622,361,390,30,1.95736,3.281,11.5852,377,0.557214,-0.148523,-0.711584,-0.460391,-0.64757,0.899073,0.400313,10.8737,1.05207,0.0491949,0.607298
O95140,601,630,30,1.94659,2.45366,9.29939,612,0.815627,-0.498179,-0.894308,0.18254,1.07583,0.761058,1.13885,8.35843,1.05745,1.12564,0.503916
Q9UK55,391,420,30,1.92242,3.11604,10.9508,396,0.406035,-0.186967,-0.512071,-0.610015,-0.668587,0.824176,0.252606,10.2822,0.931394,0.0127054,0.407918
O75635,331,360,30,1.91629,3.15908,11.1921,335,0.674425,-0.334127,0.414432,-0.389659,-0.543886,0.839511,0.496994,10.6482,0.986452,0.179949,0.599914
Q96P15,331,360,30,1.87816,3.22443,11.3745,344,0.696736,-0.311716,0.198522,-0.234594,-0.578915,0.643045,0.26872,10.7955,0.758075,0.0309501,0.396842
O95236,181,210,30,1.8646,2.24245,7.9381,189,0.769975,0.162278,0.0583551,-0.224166,-0.140358,0.221221,1.10125,7.57507,1.65414,-0.0876409,0.308228
Q8IW75,361,390,30,1.85001,3.00793,11.026,366,0.652608,0.264869,1.01648,0.158963,-0.643367,0.979971,0.529221,10.3827,1.06062,0.307663,0.725449
P05120,361,390,30,1.84401,3.09043,11.0244,367,0.85797,-0.38858,0.722877,-0.0700076,-0.646169,0.643712,0.274091,10.3782,0.738717,-0.0177026,0.404226
P05155,451,480,30,1.84333,3.05336,10.9349,456,0.290119,-0.326712,-0.517538,-0.76644,-0.379953,1.03864,0.741381,10.1684,1.13116,0.319826,0.821447
P30740,331,360,30,1.81796,3.24552,11.4218,332,0.48159,-0.360535,0.0704586,-0.508452,-0.570508,0.760613,0.397627,10.8513,0.922092,0.204275,0.478071
Q8IWA4,571,600,30,1.81178,2.41658,9.26906,592,1.22694,-0.186736,-0.979813,0.463652,0.711534,0.671493,1.15227,8.28924,1.2187,1.18037,0.489147
O95259,181,210,30,1.80983,2.21521,8.27682,196,0.846081,0.457263,-0.337156,0.406523,-0.65878,0.613931,0.284833,7.44563,0.21534,0.134337,0.341458
Q5TGY1,211,240,30,1.80808,2.59577,9.75532,223,0.826747,0.752395,-0.934913,1.50331,-0.407976,0.121432,0.821948,8.82041,1.17591,1.19253,0.330382
O95236,211,240,30,1.80612,2.25171,8.16968,233,0.912935,0.100743,-0.337937,-0.41641,-0.354732,0.8424,1.39935,7.59069,1.84128,0.608701,0.625759
P20848,361,390,30,1.79598,2.97501,10.7401,372,0.653723,0.340582,0.179781,0.104101,-0.64757,0.725721,0.266034,10.0925,0.804485,0.0917661,0.444841
Q9BPW4,151,180,30,1.79504,2.41813,8.91942,179,0.838076,0.270775,-0.851751,-0.873444,0.114649,0.980638,1.41815,8.04598,2.02798,0.599579,1.19436
Q9BPW4,181,210,30,1.78365,2.31642,8.50246,181,0.819317,-0.0125503,-0.818954,-0.898381,-0.0941206,0.881516,1.34026,7.60408,1.95804,0.736415,0.836216
P05543,361,390,30,1.78209,3.21569,11.5624,363,0.751423,-0.116157,0.0653829,0.0705485,-0.691006,0.862847,0.478195,10.8714,0.944367,0.128256,0.64422
Q9H295,151,180,30,1.76784,2.27101,8.63852,178,0.890414,0.315722,-0.978642,-0.0736348,0.352843,0.283228,0.521164,7.65988,0.903337,0.991842,0.278691
Q86U17,361,390,30,1.76627,3.0739,11.2707,371,0.976808,-0.033461,0.686566,0.409243,-0.716226,1.02064,0.507736,10.5545,1.18667,0.207316,0.854677
Q8NCM2,181,210,30,1.75394,2.44371,8.90355,193,0.709821,0.48141,-0.278201,0.434181,-0.632158,0.598596,0.402999,8.27139,0.284175,0.268132,0.370996
Q99574,331,360,30,1.74871,3.21848,11.4439,351,0.302657,-0.583053,-0.378152,-0.413236,-0.602734,0.928632,0.607102,10.7152,1.18235,0.277255,0.684835
P08697,391,420,30,1.74638,3.34781,11.7715,392,0.247797,-0.367528,-0.111094,-0.663517,-0.564903,0.778615,0.220379,11.108,0.913997,0.0127054,0.478071
P05154,361,390,30,1.7213,3.1146,10.9713,362,0.457989,-0.561136,-0.255946,-0.566034,-0.581717,0.882849,0.45671,10.3336,1.19517,0.1465,0.636836
P48595,331,360,30,1.69932,3.10231,10.9621,349,0.392399,-0.236052,0.181733,-0.139832,-0.581717,0.648601,0.169354,10.3804,0.724085,-0.111967,0.418995
Q5T1A1,271,300,30,1.67929,2.35928,8.87537,285,0.663805,-0.382149,-0.935304,0.063294,1.35185,0.820842,0.846118,7.93885,1.0487,0.523559,0.123617
O95236,331,360,30,1.66765,2.43066,8.6619,347,0.610124,0.764661,-0.928666,-0.596866,-0.9306,0.213665,0.059245,7.73129,1.33274,-0.476863,0.223307
Q9H252,211,240,30,1.66576,2.63512,9.75086,234,1.25046,0.530783,-0.754142,0.197502,-0.441603,0.969525,0.717211,8.99672,0.629908,0.906699,0.994981
P36955,361,390,30,1.66214,2.84034,10.2722,367,0.73092,0.195251,1.1871,0.0619337,-0.503253,0.363237,-0.0240079,9.59707,0.635037,-0.0511513,0.260229
P51809,121,150,30,1.63856,1.89526,6.803,134,0.5521,0.0390034,-0.580398,-0.104466,-0.370145,-0.239718,0.674242,6.2226,0.391575,0.821557,-0.049917
Q9BQE5,151,180,30,1.61338,2.20577,7.72811,165,0.362002,0.160986,-0.840428,-0.606841,-0.685401,-0.404403,0.924,6.88768,0.570979,-0.650188,-0.492983
P55212,181,210,30,1.59596,3.19487,11.6594,200,0.879923,-0.45425,-1.04463,0.902096,-0.199206,0.407019,0.137127,10.6148,0.430443,0.365438,0.437456
Q17RQ9,181,210,30,1.59521,2.16784,8.00493,185,0.441023,0.0318511,-0.936475,0.16531,-0.297286,0.0303112,0.529221,7.06845,0.393034,0.912781,-0.496676
Q8NCS7,211,240,30,1.59156,2.20722,8.22297,227,0.146812,-0.353071,-1.13443,-0.300338,0.0754172,0.18055,-0.0428069,7.08854,0.550062,-0.0602737,-0.168068
Q17RQ9,151,180,30,1.58497,2.23824,8.64887,167,0.890341,-0.182573,-1.07157,0.518514,0.71854,0.361681,0.821948,7.5773,1.10104,1.40235,0.315613
P01008,391,420,30,1.5808,3.32999,11.9692,414,0.178934,-0.671793,-0.251651,-0.379231,-0.637762,0.99175,0.40837,11.0477,1.04905,-0.0298658,0.721757
P49810,271,300,30,1.57482,2.53394,9.2069,295,0.284736,0.0204128,-1.14887,0.0623871,-0.870351,-0.0659215,-0.203941,7.97679,0.0144664,-0.756616,-0.315757
O95391,241,270,30,1.57377,2.32378,8.41129,248,1.4298,0.493932,1.37686,1.33782,0.801207,1.6256,1.26507,8.90522,1.13473,1.65474,1.51189
P36382,121,150,30,1.55456,2.59324,9.42129,143,0.936026,-0.0844071,-0.911097,-0.498477,-0.420586,0.176105,0.279462,8.51019,0.655552,0.699925,0.278691
Q16566,181,210,30,1.54229,2.70024,9.7799,190,0.064977,-1.31435,-1.10788,0.111808,-0.633559,-0.205492,-0.230797,8.46555,0.41742,-0.130212,-0.345295
P05546,451,480,30,1.53445,3.06939,10.8967,451,0.241075,-0.164755,0.426926,-0.570115,-0.605536,0.959302,0.306318,10.2912,1.08485,0.0309501,0.507608
Q13571,121,150,30,1.52991,2.74533,9.83124,136,0.18645,0.713993,-1.1559,-0.324369,-0.38836,-0.884456,-0.370447,8.67534,0.762902,-0.440373,-0.389601
P35237,331,360,30,1.52892,3.1845,11.3512,331,0.164179,-0.731547,0.0517177,-0.760999,-0.625152,0.891294,0.762866,10.5902,1.17707,0.487069,0.706988
Q8WUA2,211,240,30,1.52607,2.08222,7.45613,229,0.640336,0.459794,0.163382,0.518968,-0.110934,0.639267,0.515793,7.3452,0.579476,0.94623,0.437456
P49768,271,300,30,1.52473,2.62697,9.42925,289,0.416327,-0.0252193,-1.14223,0.0768962,-0.852137,-0.0999252,-0.136802,8.28701,0.0504175,-0.793105,-0.367448
Q9BWW8,211,240,30,1.51211,2.1959,7.85384,239,0.78624,1.33317,-0.763903,0.0129658,-0.896973,-0.176156,0.483566,6.95686,1.22649,-0.552883,-0.227144
Q8IWA4,601,630,30,1.50585,2.14635,7.96234,608,0.130443,-0.442442,-1.16957,-0.728354,0.265972,-0.130818,0.362715,6.75377,0.527536,0.0765621,-0.559443
O14791,211,240,30,1.50127,1.92953,7.06283,223,0.445306,0.439896,-0.220416,-0.199228,-0.684,0.259447,1.06634,6.37883,1.06409,-0.172783,0.201154
P57075,211,240,30,1.49989,2.4163,8.84337,224,0.180879,0.00181976,-1.07859,-0.488502,-0.406575,-0.437073,0.134441,7.76477,0.670284,0.41105,-0.0129948
P07093,331,360,30,1.49161,2.92445,10.3487,353,0.184631,-0.325771,-0.0962575,-0.488955,-0.580316,0.711719,0.257978,9.73098,0.940093,0.158664,0.426379
Q9BWW9,181,210,30,1.4913,2.3303,8.385,182,0.776145,0.483126,-0.39416,-0.8077,-0.650373,0.119654,1.05022,7.5773,1.24781,0.00966457,-0.112685
Q9NRY5,151,180,30,1.47901,1.85916,7.12907,170,1.61736,1.6813,-0.0583852,1.82614,0.296797,1.1251,1.44769,7.07068,1.82313,1.19557,1.46389
P50453,331,360,30,1.46351,3.04581,10.8266,331,0.222024,-0.714209,-0.800994,-0.745583,-0.528474,1.16977,0.881031,10.0256,1.34048,0.675599,0.980212
P52735,151,180,30,1.45484,1.71375,6.30429,177,0.819514,0.492365,-0.374638,1.60261,-0.562101,-0.368177,-0.211998,5.39015,0.287342,-0.0663553,-0.385909
O60443,181,210,30,1.45104,2.12483,7.74271,204,0.994047,-0.244334,0.31331,1.64931,-0.564903,0.076094,0.424483,7.17781,0.758377,0.432335,0.267614
Q9Y6J9,121,150,30,1.45032,1.90362,6.80148,150,1.36522,0.141257,-0.123588,0.441435,-0.047883,0.405686,0.569504,6.67789,1.07118,1.34457,0.729141
Q9Y2P7,211,240,30,1.44041,1.94338,7.22531,215,0.945331,0.0743716,-0.790062,2.41466,0.0431911,0.126544,0.937428,6.43239,1.59757,1.23815,0.212231
P29466,301,330,30,1.4299,2.47422,8.86794,322,0.859599,0.330404,-0.654581,0.925673,-0.490643,0.0414236,-0.107261,8.21336,0.489775,0.0978476,0.197462
Q96JB2,661,690,30,1.4283,2.23804,8.08937,681,0.350926,-0.699541,0.186028,-0.505731,0.125858,0.145879,0.0511882,7.38983,0.0625855,0.207316,0.762371
P19447,241,270,30,1.42691,2.29415,8.61179,246,1.12369,1.3453,0.334003,0.810508,-0.393964,0.819731,1.17913,8.21783,1.42842,1.39627,0.278691
A6NH21,361,390,30,1.42553,1.85522,7.11771,370,0.755992,0.121393,-1.17855,-0.297164,-0.196404,0.323899,0.792407,5.93917,1.04543,0.225561,-0.212375
Q8TBM8,181,210,30,1.42321,2.87795,10.406,195,0.959324,0.237869,-0.436327,0.758366,-0.552293,0.427466,0.953541,9.85373,0.863213,1.01617,0.478071
Q92771,211,240,30,1.42212,1.82675,7.1638,240,1.68855,1.27887,0.829856,1.95219,-0.242641,1.20088,0.934742,6.92115,1.08903,1.65778,1.34205
P48664,241,270,30,1.42136,2.18026,7.6186,253,0.492617,-0.0114234,-0.124759,-0.255904,-0.322506,0.451691,-0.15023,7.2961,0.175869,1.08915,0.670066
Q3MJ16,631,660,30,1.41863,2.00062,7.50706,637,0.323075,-0.447581,-0.972005,1.05489,-0.468225,0.0872064,0.695726,6.53505,1.01154,0.672558,0.341458
Q9H819,151,180,30,1.41067,2.49659,8.97595,169,0.666318,-0.120991,-0.688939,0.562948,-0.592926,0.0825392,0.762866,8.28701,0.488316,0.289418,0.108848
P35212,121,150,30,1.40952,2.23608,8.05014,145,0.301124,-0.261835,-0.917344,-0.745583,-0.564903,-0.0857015,0.0673017,7.12648,0.575856,0.395846,-0.0462248
Q9NXW2,181,210,30,1.4076,2.79101,10.1251,197,0.980872,0.19649,-0.271563,0.728441,-0.559299,0.435467,1.00457,9.56583,0.784573,0.791149,0.437456
P47871,331,360,30,1.40647,2.01735,7.28945,357,0.211388,-0.717793,-1.17776,-0.22734,-0.542485,-0.172822,-0.835051,6.10209,-0.0167582,-0.701882,-0.40437
Q6N069,631,660,30,1.40537,2.78139,9.64561,641,0.638075,0.408984,0.52883,0.779223,0.48455,1.09554,1.018,10.0546,1.01551,1.63041,0.725449
Q86VE9,331,360,30,1.40183,1.69548,6.88148,348,0.982107,0.29105,-1.08016,1.06396,-0.162776,1.42402,1.47723,5.73161,1.66384,1.41147,1.10575
P07900,271,300,30,1.40066,2.67067,9.35956,280,0.674697,0.45642,0.539372,0.372517,0.0768184,0.66038,0.440597,9.43638,0.415811,1.42668,1.34205
Q8N4M1,181,210,30,1.3912,2.13299,7.98286,197,0.0275236,-0.722444,-1.19338,-0.149807,0.0389876,0.375238,0.0995286,6.78948,0.903438,0.192112,-0.286219
Q5TGY1,181,210,30,1.38928,1.81887,7.10491,196,0.976758,0.126854,-1.08094,-0.400088,0.840439,0.832399,1.11736,6.02397,1.46885,1.33241,0.345151
P51654,361,390,30,1.38808,1.88837,6.84398,383,0.708009,-0.549261,0.169629,-0.866643,-0.448609,-0.048364,-0.410731,5.97041,0.076614,0.41409,-0.223451
P13805,181,210,30,1.38756,2.06638,7.49992,196,0.91662,-0.257392,0.60926,0.478614,0.955332,0.223888,0.639329,7.24253,0.71071,0.523559,0.0903874
A2RU48,151,180,30,1.38483,1.96712,7.07699,168,-0.160503,-0.475802,-1.16683,-0.846693,-0.803097,-0.220383,-0.0804049,5.91015,0.475696,-0.692759,-0.544675
A2RU48,121,150,30,1.38417,1.68741,6.21873,139,0.181089,-0.141361,-1.054,1.40583,-0.655977,-0.384401,0.397627,5.16474,0.586365,-0.0207434,-0.312065
Q8N4L1,151,180,30,1.38275,1.95814,7.07735,160,0.340986,-0.841149,-0.617099,-1.04891,-0.279071,-0.2735,0.0753584,6.02844,-0.429818,0.18299,-0.27145
P51809,151,180,30,1.37945,1.98372,7.37824,155,0.846679,0.00508822,-0.617489,-0.00743747,-0.705017,0.485028,0.68767,6.58192,0.436527,0.623905,0.503916
Q96LR9,121,150,30,1.37736,1.90183,6.99529,134,0.233539,0.0516365,-1.01769,-0.287189,-0.473829,-0.126817,1.2973,5.95479,0.527586,-0.306578,-0.319449
Q5T1A1,241,270,30,1.37607,1.83001,6.88032,264,0.0861416,-0.621575,-1.13755,-0.697976,0.345837,0.222332,0.647386,5.74277,0.851548,0.645191,-0.156991
Q9BWW9,151,180,30,1.37584,2.22791,8.00443,180,0.651577,-0.516256,-0.524956,-0.887953,-0.601333,0.156103,0.902516,7.07515,1.21976,-0.0359474,-0.112685
O00506,151,180,30,1.36949,2.68932,9.48419,162,0.211148,-0.699492,-0.192305,0.0560395,-0.678395,0.26167,-0.139488,8.7847,0.34944,0.0400725,-0.00561037
Q969Y2,271,300,30,1.36946,2.34767,8.74456,276,0.561289,-0.61154,0.6362,0.16123,0.194514,0.604152,0.835376,8.13302,1.28462,0.882373,0.315613
Q9HBW9,601,630,30,1.36872,1.97774,7.08406,616,0.0978393,-1.1197,-1.20353,-0.60276,-0.672791,-0.739773,-0.445643,5.84766,0.351149,-0.35219,-0.651749
Q8WWI5,181,210,30,1.3674,1.73589,6.49406,201,0.0314871,-0.985334,-1.1028,-0.49485,-0.136155,-0.233495,-0.260338,5.26517,0.332646,0.0796029,-0.389601
Q7Z3F1,631,660,30,1.36671,1.94162,6.78513,654,0.689647,-0.53244,-0.808022,-0.544724,-0.571909,-0.533084,-0.394617,5.97711,-0.00142242,-0.23664,-0.507752
Q96HL8,121,150,30,1.36283,2.40634,8.67986,148,0.527903,0.187802,-0.851751,-0.151167,-0.316902,-0.261276,-0.0454925,7.80718,0.220217,-0.166702,-0.0351481
P43220,331,360,30,1.36264,2.08009,7.50906,359,0.196158,-0.606394,-1.17933,-0.114895,-0.566304,-0.225717,-0.824309,6.32973,0.0346795,-0.698841,-0.430216
P29692,151,180,30,1.36077,2.19497,7.99415,158,1.37009,1.22702,2.08979,0.45413,0.277181,1.25245,1.35906,8.24684,0.665608,1.71859,1.23867
Q9BQE5,271,300,30,1.35826,2.1157,7.53825,282,0.290017,0.695561,-0.951702,-0.732888,-1.00766,-0.085257,0.0458171,6.53059,0.979312,-0.604576,-0.182837
Q9BXJ9,631,660,30,1.35778,2.73279,9.75128,641,0.699573,0.457775,0.717411,0.809601,0.145474,1.04109,1.01262,9.86712,0.904896,1.61825,0.8436
Q96P63,361,390,30,1.35516,2.98677,10.8998,361,0.142815,-0.27315,0.501109,-0.724727,-0.370145,1.26133,0.945485,10.1751,1.37171,0.614783,1.0319
Q9HBI1,211,240,30,1.34883,1.87771,6.687,227,0.482783,0.586445,0.108331,0.860383,-0.427592,-0.224383,0.0511882,6.09762,-0.155585,-0.589372,-0.23822
P13805,151,180,30,1.34641,1.86446,6.88944,176,1.46253,1.15511,1.00399,1.67742,0.408888,1.31156,1.21673,7.29833,1.00797,1.42668,1.3679
P15498,151,180,30,1.34619,1.67867,6.63444,164,0.847972,1.16214,0.615116,1.53142,-0.646169,0.831732,0.529221,5.98827,0.889208,0.927985,0.400534
P45379,181,210,30,1.34175,1.94569,7.37789,210,1.34974,1.15159,1.80868,2.15531,0.10344,1.40291,0.937428,7.48133,0.960055,1.46925,1.11313
Q8IXS2,481,484,4,1.3416,1.35747,5.96158,484,1.68542,1.52388,2.46071,1.8479,4.9794,1.65893,1.54437,-0.932518,1.58947,1.42363,1.51558
Q9UKW4,151,180,30,1.33767,1.59023,5.73006,178,0.842601,0.184537,0.774024,1.52372,-0.542485,-0.299058,-0.271081,5.11787,0.248576,0.167786,-0.227144
Q8NEW0,211,240,30,1.33628,2.56685,8.96368,233,1.10581,-0.307067,-0.670198,-0.240035,-0.836724,-0.751108,-0.346277,8.0549,0.0600715,-0.568087,-0.478215
P48546,331,360,30,1.33547,1.71102,6.24928,348,0.0856666,-0.604733,-1.14926,-0.0990256,-0.469626,-0.258832,-0.808196,5.10001,-0.0688495,-0.692759,-0.415447
Q96LR9,181,210,30,1.32954,1.72339,6.19018,199,0.156037,0.235377,-1.18011,-0.546991,-0.674192,-1.15493,-0.303308,4.98396,0.410029,-0.829595,-0.622211
P51878,331,360,30,1.32907,2.71019,9.94641,352,0.914575,0.302383,-0.972005,0.697156,-0.451411,0.294785,-0.163658,8.9744,0.573895,0.0157462,0.459609
Q6XR72,211,240,30,1.32864,2.23018,8.57491,232,1.30236,1.09059,0.521412,1.62573,-0.590124,0.360792,0.843433,7.88082,0.971468,1.01617,0.334074
Q9BWW8,121,150,30,1.32745,1.96488,6.97867,124,0.857308,-0.00560831,0.324632,-0.351573,-0.517264,0.121877,1.4826,6.46141,1.18763,-0.0146618,-0.153299
Q96IW7,151,180,30,1.3268,1.6586,6.66829,165,0.945136,1.67601,-1.00363,1.58175,-0.256653,1.07576,0.792407,5.66466,0.975793,0.982719,1.27559
P45378,151,180,30,1.32679,2.07544,7.63854,179,1.20575,0.911474,1.42176,1.57586,0.0838241,1.03598,0.789721,7.72237,0.609645,1.19862,0.780833
Q13488,691,720,30,1.32354,2.85425,10.1436,708,1.01055,-0.439362,-0.200113,0.164857,0.117451,0.361903,0.529221,9.7042,0.821027,1.25943,0.208538
Q8IW70,181,210,30,1.32135,2.07897,7.48942,195,0.306749,-0.740112,0.0813908,-0.322102,0.298198,0.131211,-0.0777194,6.74931,-0.605098,0.103929,0.444841
P51957,151,180,30,1.32107,2.43882,8.94835,153,0.150925,-1.34203,-0.757656,-0.405075,-0.682599,-0.215049,-0.104575,7.60631,0.229569,0.0400725,-0.348987
P36952,331,360,30,1.31837,2.5121,9.0973,331,0.253811,-0.0424768,-0.0216842,0.392467,-0.602734,0.741056,0.155926,8.49457,0.69281,0.0948069,0.555607
Q9H330,271,300,30,1.3167,1.93285,7.00737,275,1.05255,0.680659,-0.599529,0.11861,-0.288879,-0.302836,1.07708,6.40784,1.07344,0.973597,-0.190221
Q6DN12,751,780,30,1.3144,2.16983,8.0022,765,0.358274,0.0761632,-1.08328,-0.657169,-0.244042,-0.361732,0.413741,6.91892,0.38891,0.41105,-0.252989
P27815,331,360,30,1.30989,2.09241,7.91962,335,1.07699,1.485,0.731857,1.96397,-0.00444767,1.5267,1.07171,7.86743,0.591745,1.28072,1.46759
P49137,211,240,30,1.30798,2.23429,8.30923,211,0.448973,-1.37022,-0.297722,0.08007,-0.534078,-0.242163,-0.391932,6.93901,0.11518,-0.470781,-0.452369
Q9BRT8,91,120,30,1.30661,2.23637,8.06765,108,0.226109,-1.084,-0.856436,-0.315754,-0.321105,-0.401069,-0.163658,6.98364,0.733136,0.100888,-0.4376
Q86UP6,361,390,30,1.30177,1.78566,6.39716,387,0.243458,-0.504229,-0.278591,0.0174999,-0.515863,0.197218,0.819263,5.80303,0.977603,-0.370435,0.603606
Q6P2M8,151,180,30,1.30133,2.39728,8.62964,161,0.1486,-1.02109,-0.772492,-0.185626,-0.550892,-0.068144,-0.0777194,7.60855,0.363971,0.0643989,-0.252989
Q14694,571,600,30,1.29953,1.98559,7.25704,594,1.17183,0.439969,0.765044,0.344406,-0.382755,0.334567,0.71184,6.87429,0.144695,0.0309501,0.884215
Q9UJX6,481,510,30,1.29927,2.67755,9.75072,498,0.91384,-0.0442348,0.0419568,0.799626,-0.430394,0.754835,0.679613,9.32033,0.816753,1.22902,1.2239
Q96JB2,631,660,30,1.29748,2.21625,8.41991,634,0.436605,-1.16845,-0.420319,-0.0632065,-0.0520864,0.489695,0.43254,7.25146,0.330836,0.37456,0.618375
P57729,211,211,1,1.29657,1.29657,4.67659,211,1.20374,1.28041,-0.868539,2.46816,3.80805,1.06731,1.47186,-0.756206,1.27854,1.44796,0.839908
P50452,301,330,30,1.29621,3.21987,11.4539,328,-0.0467557,-0.345297,-0.00372419,-0.51888,-0.678395,0.942633,0.566819,10.7755,1.09727,0.173868,0.758679
P19237,181,187,7,1.29618,1.37093,6.0061,184,1.58713,1.43202,1.45338,1.63163,5.14053,1.60071,1.59002,-0.865564,1.23555,1.51182,1.60789
P17302,121,150,30,1.29534,2.07309,7.58109,145,0.233138,-0.0941111,-0.988013,-0.504371,-0.590124,-0.0441414,-0.00520883,6.59308,0.410481,0.246847,-0.182837
Q8IUF1,91,120,30,1.29404,2.20621,7.98798,108,0.226872,-1.11815,-0.821687,-0.31258,-0.343523,-0.39818,-0.228112,6.86982,0.748723,0.110011,-0.448677
O43511,631,660,30,1.29304,1.98835,7.61284,635,0.595401,0.711844,-0.495283,0.840433,-0.127748,1.14199,1.33221,7.11755,1.37875,1.1226,1.38636
Q58FF6,241,270,30,1.28992,2.5049,8.99994,245,0.443477,0.774541,0.888421,1.11837,0.0838241,0.741945,0.494308,9.08376,0.588125,1.4358,1.38636
Q9BY31,241,270,30,1.28691,1.81973,6.28227,252,0.773538,0.855984,-0.407825,2.58061,-0.207613,0.188329,0.134441,5.87444,1.17028,-0.187987,0.256537
Q9UIR0,481,482,2,1.28522,1.31409,4.85977,481,1.11403,0.0118197,-0.534326,1.94947,3.94957,1.32868,1.26507,-0.9102,1.59219,1.39019,0.740218
Q8IVH8,151,180,30,1.28407,2.61339,9.0727,158,0.013283,-0.848179,-0.718222,-0.242755,-0.796091,-0.123039,-0.555752,8.22452,0.178635,-0.327864,-0.419139
Q5RIA9,91,120,30,1.28378,2.17664,7.87301,108,0.230592,-1.09246,-0.792404,-0.232327,-0.342122,-0.45063,-0.211998,6.78055,0.760991,0.128256,-0.474522
Q9BS91,211,240,30,1.28312,2.23822,8.1127,229,0.333766,-0.67861,-1.19377,-0.41641,-0.412179,-0.594202,-0.59335,6.91892,0.450756,0.122174,-0.356371
Q8NGY3,331,331,1,1.28304,1.28304,4.82309,331,1.11331,1.21213,-0.86932,1.80347,3.95377,1.18133,1.23016,-0.805306,1.36789,1.34457,0.714373
Q12851,151,180,30,1.28293,2.52825,9.0011,158,0.120069,-0.8837,-0.480056,0.320829,-0.754057,0.192996,-0.451014,8.11739,0.378351,-0.0177026,-0.0646859
Q13324,301,330,30,1.28287,1.85373,6.73557,310,-0.0421955,-0.779667,-1.17581,-0.690721,-0.605536,-0.372844,-0.381189,5.55976,0.323545,-0.0815593,-0.60375
P34998,301,330,30,1.2826,1.85527,6.74612,314,0.0395692,-0.734454,-1.17074,-0.656716,-0.599932,-0.388401,-0.416102,5.57538,0.297298,-0.105886,-0.596366
Q9UHH9,151,180,30,1.28087,1.55366,5.85112,160,0.953906,0.909793,-0.433203,1.62211,-0.246845,0.753502,1.17913,5.41246,1.27954,0.596538,0.282383
Q5JTY5,91,120,30,1.2791,2.1713,7.86137,108,0.22493,-1.10537,-0.800994,-0.226886,-0.349128,-0.451519,-0.220055,6.756,0.759785,0.128256,-0.478215
Q9BR84,151,180,30,1.27891,1.59434,5.87353,172,0.838355,0.772754,-0.369562,0.611009,-0.110934,0.0458685,0.435225,5.50397,1.23625,0.912781,0.238076
Q9H4I3,211,240,30,1.27861,1.76543,6.55732,222,0.168286,0.0207755,-0.766245,0.358008,-0.532677,0.014754,0.3842,5.76062,0.499881,1.09827,-0.0388404
O75190,151,180,30,1.27792,2.05475,7.73542,175,1.54221,0.599582,0.453476,1.31062,-0.430394,1.68427,1.66522,7.30502,1.32072,-0.136294,1.84788
Q4V339,91,120,30,1.27766,2.17136,7.85389,108,0.222201,-1.10235,-0.801775,-0.233234,-0.354732,-0.466854,-0.230797,6.75154,0.74651,0.116092,-0.485599
O75437,181,210,30,1.27614,1.58769,6.22262,192,1.05782,0.32543,-0.758827,2.16438,0.925909,0.292784,0.991139,5.4638,1.54045,0.90974,0.588837
Q7Z340,211,240,30,1.27435,1.63106,5.78252,229,0.99843,0.204949,-0.222759,1.25666,-0.131951,-0.02125,1.14422,5.55976,1.66057,1.35674,0.108848
P23945,331,360,30,1.27334,1.84302,6.97024,337,0.181007,0.0471995,-1.0333,-0.439534,-0.443004,0.239445,0.17741,5.93693,0.650674,0.867169,0.692219
Q07343,301,330,30,1.27204,2.23149,8.37997,312,1.29,1.21039,0.308624,1.84065,-0.209014,1.33557,1.07439,8.17096,0.648764,1.44492,1.07621
P42574,181,210,30,1.27088,3.11637,11.3324,188,0.0489434,-0.186809,-1.01222,0.648642,-0.158573,0.232778,-0.0750338,10.3202,0.41752,0.122174,0.286075
Q96EY1,181,210,30,1.2696,2.24048,8.06236,181,0.82485,0.152602,-0.025979,0.514887,-0.36454,0.120321,1.09319,7.69782,0.541916,1.11347,0.238076
Q9H330,601,630,30,1.26948,1.93262,7.34805,601,0.106687,-0.119077,-1.14106,-0.82901,0.443917,0.229444,0.601731,6.20698,0.631668,1.04049,0.234384
Q96SN7,121,150,30,1.26941,1.92543,6.88724,143,0.290993,-0.591571,-0.771321,-0.805433,-0.427592,-0.533973,0.209637,5.96595,0.47278,0.00966457,-0.378525
Q9UKL4,181,210,30,1.26873,2.44331,8.69158,191,0.269757,-0.00678434,-0.416024,-0.51616,-0.330913,0.369682,0.983083,8.17542,0.980972,1.18341,0.149463
O14791,181,210,30,1.26814,1.8342,6.54824,182,0.267338,0.945271,-0.810364,-1.03758,-0.576112,-0.323283,0.0458171,5.51066,0.568012,-0.838717,-0.382217
P10643,211,240,30,1.26737,1.69272,6.41111,215,1.05627,0.510697,0.351572,1.07938,-0.239839,0.789728,0.78435,6.17127,1.44834,0.782027,0.869446
P55291,811,814,4,1.26457,1.31082,5.61856,812,1.54285,1.4939,0.736932,2.27093,4.69497,1.63938,1.61151,-0.923591,1.51355,1.47533,1.53405
Q5T197,331,360,30,1.26446,2.01647,7.49459,333,0.591622,-0.193178,-0.514024,0.137653,0.487352,0.81662,0.910572,6.97249,0.817658,0.733374,0.57776
P31944,151,180,30,1.26081,2.84315,9.81721,160,0.294879,0.484145,0.0255585,1.15147,-0.171183,-0.00258125,-0.169029,9.5993,0.24576,0.0552765,0.197462
Q9NRU3,571,600,30,1.26074,1.51472,5.66228,600,0.888538,0.128069,-0.747504,-0.576463,-0.115138,0.55348,0.142498,4.91477,0.774366,1.05874,0.681143
Q9UNS2,421,423,3,1.25981,1.29519,5.55097,421,1.65919,1.48537,2.3182,2.21879,4.80146,1.58159,1.51214,-0.749511,1.379,1.3689,1.25344
P47872,331,360,30,1.25873,1.87104,6.78689,342,0.0504062,-1.12713,-1.22266,-0.690268,-0.629356,-0.15282,-0.405359,5.56423,0.317662,-0.0602737,-0.489291
Q9HBH9,241,270,30,1.25775,2.05368,7.60893,254,0.268495,-0.918346,-0.36761,0.301786,-0.655977,-0.23794,-0.0669771,6.52836,0.274521,-0.251844,0.0239274
P21754,421,424,4,1.25676,1.30006,5.60184,421,1.45311,1.19083,0.666263,1.53777,4.75662,1.60515,1.54705,-0.836551,1.36673,1.41147,1.35313
Q9BX82,151,180,30,1.25647,1.48972,5.88552,168,1.25864,0.532665,-0.725249,2.27909,0.441114,1.00486,1.31072,5.16027,1.85622,0.663436,0.946982
P08185,361,390,30,1.25299,2.35036,8.64563,361,0.0509069,0.249753,0.0626499,0.125864,-0.412179,1.38557,0.934742,8.23345,1.41786,0.876291,1.20913
Q16740,271,277,7,1.24879,1.2917,5.64424,274,1.5953,1.80296,1.8118,1.78579,4.76083,1.43024,1.58197,-0.883419,0.994548,1.64561,1.44912
Q58FF8,181,210,30,1.24869,2.3906,8.51038,194,0.953801,0.778227,0.54679,1.12925,0.0109649,0.534811,0.24455,8.52135,0.27085,1.30808,1.36051
Q6P996,631,660,30,1.24861,1.84448,6.76325,655,0.667694,0.602506,-0.282495,-0.215098,-0.375749,0.742834,0.999196,6.35428,0.705481,0.912781,0.832524
P49903,391,392,2,1.24734,1.2591,5.44544,391,1.52439,1.11549,1.81258,2.10408,4.53524,1.39802,1.48529,-0.9102,1.2104,1.50878,1.12421
Q9BR26,181,210,30,1.24725,1.80518,6.88087,187,0.693457,1.01488,-0.0244173,0.464559,0.756371,0.831288,1.09051,6.72476,1.25284,1.09219,0.917445
Q9NRX5,331,360,30,1.24634,1.93443,7.10858,340,1.15723,0.870646,-0.0693174,1.19228,-0.0689001,0.700162,1.16302,6.98141,1.13669,1.18341,0.404226
Q9HBI0,181,210,30,1.24565,2.29321,8.27986,184,0.498541,0.601069,0.676805,1.1551,-0.468225,0.231444,0.607102,7.81164,0.0442832,-0.130212,0.0793107
P48454,511,512,2,1.24537,1.26106,5.44347,512,1.73686,1.49432,2.38769,2.21562,4.53104,1.58804,1.64642,-0.912432,1.81891,1.54831,1.19436
Q8TDX7,181,210,30,1.24404,2.22301,7.80618,183,0.261596,-0.585415,-0.763122,-0.217818,-0.824114,-0.109482,-0.322107,6.98141,0.289655,-0.209273,-0.459753
Q6IC98,271,300,30,1.24357,1.75191,6.79604,282,0.587576,1.05045,-0.551115,0.392014,0.0277785,1.22444,1.23284,6.24492,0.831586,1.04049,1.14636
Q9UEW8,211,240,30,1.2426,2.01212,7.39094,214,0.338157,-1.31117,-0.728373,-0.202856,-0.832521,-0.136374,-0.577236,6.07977,0.0700774,-0.42821,-0.463446
Q6HA08,1,30,30,1.24076,1.77691,6.78757,1,0.944468,0.551627,-0.74399,1.18275,5.90415,1.11799,1.59808,-0.883419,1.75958,1.46925,0.581453
P21754,151,180,30,1.2397,2.02882,7.41037,164,0.222654,-0.497254,-0.783815,-0.549712,0.282786,0.429022,0.628587,6.62656,0.91983,-0.042029,0.555607
O75396,121,150,30,1.23925,2.20785,7.95192,144,0.19132,0.473068,-0.767416,-0.270413,-0.515863,-0.384401,0.319746,7.18451,0.372971,0.827639,-0.0942237
Q9BWW9,271,300,30,1.23901,1.93043,7.07062,300,0.555719,0.594532,-0.562047,-0.484421,-0.990849,0.273227,0.0297036,6.07977,1.14439,-0.422128,-0.049917
O14524,211,240,30,1.23758,1.64727,6.38071,211,0.149464,-0.297873,-1.20705,-0.275401,0.44812,0.0832059,0.335859,5.17366,0.517379,1.31721,-0.1053
P36507,211,240,30,1.23745,2.23993,8.26109,216,0.0282276,-1.46269,-0.552677,-0.188347,-0.887165,-0.154598,-0.601406,6.79841,0.271353,-0.641066,-0.500368
Q14790,361,390,30,1.23667,1.80032,6.61761,390,1.09274,0.426707,0.145032,1.39359,-0.0646966,0.852401,0.73601,6.55291,1.12709,0.967515,0.862061
P50452,331,360,30,1.23557,2.89,10.6949,331,0.0883375,0.0693138,0.408576,-0.836718,-0.419185,1.17755,0.905201,9.85819,1.19326,0.736415,1.02821
O43615,271,300,30,1.23448,1.70708,6.03318,291,0.198742,0.671496,-0.550334,0.324003,-0.490643,-0.658653,-0.155601,5.37452,0.330635,-0.376516,-0.363756
P50453,301,330,30,1.23404,3.30393,11.6159,328,-0.173429,-0.411187,-0.640915,-0.408702,-0.630757,0.665492,0.325117,10.9183,0.885437,0.0856845,0.533454
Q08289,331,360,30,1.23302,2.42483,8.45233,349,0.503215,0.414661,0.41248,-0.0817962,-0.169782,0.180105,0.000162321,8.28255,0.433711,0.991842,0.230692
Q5VZM2,91,120,30,1.23251,2.64092,9.29413,104,0.221843,-0.531744,-0.236033,0.708038,-0.281873,-0.2775,0.556076,8.76238,0.558861,0.350234,-0.216067
Q13163,301,330,30,1.23236,2.43924,9.12727,305,0.018224,-1.79993,-0.972786,-0.452229,-0.821312,-0.234607,-0.555752,7.32734,0.268286,-0.565046,-0.518829
Q9P289,151,180,30,1.23133,2.66664,9.38869,166,0.100362,-0.713345,-0.265707,0.0877779,-0.69661,0.22211,-0.19857,8.67534,0.328171,-0.0207434,-0.0536092
P55210,181,210,30,1.23061,2.05975,7.58016,210,0.735284,-0.228267,0.110673,1.30245,0.20152,0.748834,0.805835,7.35189,1.08566,1.03137,0.869446
O43633,121,150,30,1.23005,1.65213,5.76822,121,0.520374,-0.0827398,0.395692,-0.0745416,0.155282,0.0665374,0.813892,5.5977,0.600745,-0.0572329,-0.145915
Q8WU10,211,240,30,1.22998,1.60562,6.17508,232,1.25238,1.24618,0.520241,1.96987,-0.796091,0.233889,0.564133,5.37899,0.0894357,0.934066,0.256537
