predictor,group,common_proteins,matched_residues,mean_per_protein_residue_spearman,mean_per_protein_residue_spearman_se,mean_per_protein_residue_spearman_bootstrap_se,protein_mean_score_spearman,mean_per_protein_zscore_mae,mean_per_protein_zscore_mae_se,oriented_mean_score_shift_other_minus_dispredict3,oriented_mean_score_shift_other_minus_dispredict3_se
trizod,UdonPred,20596,11187995,0.51674003,0.0017587147,0.0018574183,0.5248346,0.65911861,0.0015955275,0.13697029,0.0013725123
chezod,UdonPred,20596,11187995,0.50422699,0.0017637366,0.0016911488,0.48422629,0.71959953,0.0013831563,-8.6468431,0.019122858
softdis,UdonPred,20596,11187995,0.55439242,0.0017273881,0.0018527849,0.48110046,0.71959758,0.0013566785,0.21799594,0.0014455903
atlas,UdonPred,20596,11187995,0.47818584,0.0018071027,0.0017385152,0.58469802,0.64543652,0.0015849291,0.84002496,0.0019331402
plddt,UdonPred,20596,11187995,0.50713137,0.0017895303,0.001931946,0.45538936,0.68150776,0.00157158,-75.579875,0.073319743
disprot,UdonPred,20596,11187995,0.54678629,0.0018403182,0.0020019216,0.59353187,0.64022173,0.0017016176,0.23547861,0.0014998521
DisoFLAG,external,20168,9990135,0.54651153,0.0018085165,0.0017352252,0.73087833,0.63427348,0.0016856606,0.07453453,0.00096819596
DisorderUnetLM,external,20596,11187995,0.55532751,0.0017957367,0.0014843704,0.72594414,0.55332993,0.0018152844,0.057449506,0.0010341467
PUNCH2_light,external,20077,9987102,0.57682138,0.0018731877,0.0019684566,0.53705069,0.61527681,0.0018869196,0.15732454,0.0015579023
ADOPT,external,20596,9816662,0.51773081,0.0017068093,0.0012840617,0.55621322,0.71650918,0.0013460577,-9.2399626,0.021041451
