predictor,mean_residue_spearman,mean_protein_spearman,compared_pairs
disprot,0.8283103333333334,0.8627404444444444,9
trizod,0.7906525555555556,0.8467545555555556,9
PUNCH2_light,0.816217,0.8392845555555556,9
atlas,0.7714135555555556,0.8282215555555555,9
chezod,0.7818886666666667,0.8224603333333333,9
softdis,0.7845215555555556,0.8150475555555556,9
plddt,0.7890553333333333,0.8104674444444444,9
DisoFLAG,0.7231176666666667,0.7392863333333334,9
DisorderUnetLM,0.7471996666666667,0.7197342222222223,9
DisPredict3,0.6219372222222223,0.5686281111111111,9
