protein_id,start_residue,end_residue,window_size,mean_std,max_std,max_range,max_disagreement_residue,mean_score,ADOPT_scaled_score_at_max,IUPred3_scaled_score_at_max,SETH_scaled_score_at_max
Q8N139,1021,1021,1,1.71235,1.71235,4.08648,1021,0.517233,-0.0285407,-1.25312,2.83336
Q6PG37,631,636,6,1.48385,1.5772,3.79593,636,0.778826,1.29936,-1.22088,2.57505
Q8N7M2,151,180,30,1.46165,1.60336,3.79065,158,0.765306,-0.246421,-0.95045,2.7477
Q06055,31,60,30,1.45682,1.64241,4.01514,54,0.855101,1.12303,-1.1033,2.91184
A6NP11,121,150,30,1.44646,1.62587,3.91387,139,0.703314,0.317127,-1.00203,2.91184
Q9P255,61,90,30,1.44322,1.58014,3.80787,76,0.589831,-0.053034,-1.13971,2.62079
Q6L8G8,61,90,30,1.43897,1.52663,3.52552,76,0.698482,1.59471,-1.26753,2.24767
Q5TA77,91,95,5,1.4232,1.49667,3.4791,93,0.698371,1.65499,-1.24174,2.1526
Q03923,121,150,30,1.42105,1.60996,3.79199,131,0.683893,-0.134497,-0.780151,2.91184
Q5NUL3,361,361,1,1.41276,1.41276,3.35147,361,0.691179,1.18886,-1.2334,2.11807
B4DXR9,121,150,30,1.41146,1.65282,3.91393,138,0.685089,-0.0274456,-1.08775,2.82618
B4DX44,91,120,30,1.41049,1.65881,3.94307,106,0.687305,-0.252943,-0.991792,2.83784
Q14533,481,505,25,1.41033,1.54801,3.47593,495,0.73891,1.81076,-1.23946,2.23646
A0A1W2PQL4,121,150,30,1.40921,1.66386,3.78512,129,0.650437,-0.617654,-1.10899,2.64052
O14628,181,210,30,1.4065,1.62024,3.75639,189,0.736767,-0.212442,-0.967897,2.78403
Q5MCW4,121,150,30,1.40647,1.59093,3.86717,146,0.600464,0.391733,-1.1253,2.74187
Q5T751,91,118,28,1.40624,1.53248,3.31096,100,0.731956,2.04601,-1.25805,1.93689
A8MT65,211,240,30,1.40602,1.63013,3.87386,218,0.782238,-0.0745787,-0.953863,2.85892
Q5T5A8,91,94,4,1.40316,1.44965,3.28186,91,0.707701,1.6478,-1.21216,2.04049
Q5T7P2,91,110,20,1.40061,1.52261,3.3012,92,0.717197,2.00827,-1.28498,1.8777
Q9Y2Q1,121,150,30,1.39826,1.72024,4.08417,130,0.474193,-0.0625135,-1.16019,2.91184
Q5T7P3,91,118,28,1.39448,1.5263,3.29923,100,0.71572,2.03039,-1.25805,1.92658
P28360,301,303,3,1.39417,1.42727,3.20502,303,0.885176,1.78376,-1.0282,2.17682
Q92949,421,421,1,1.39365,1.39365,3.35308,421,0.843526,1.21342,-1.01796,2.33512
Q9Y2Q1,91,120,30,1.39334,1.63058,3.83283,117,0.506792,-0.282449,-1.06917,2.71541
Q701N2,91,120,30,1.39133,1.53121,3.43724,94,0.6539,1.75136,-1.26715,2.17009
Q03936,121,150,30,1.38964,1.65817,3.74698,130,0.695996,-0.319194,-0.835148,2.91184
Q86V71,121,150,30,1.38788,1.71527,3.93814,130,0.545323,-0.325273,-1.02631,2.91184
P38935,751,780,30,1.38744,1.66958,3.91657,769,-0.00731998,-1.90216,2.01441,-0.963269
Q5T752,91,114,24,1.38682,1.53264,3.39447,96,0.714203,2.01767,-1.29749,1.88577
Q701N2,121,150,30,1.38451,1.48635,3.43904,148,0.622351,1.56178,-1.26753,2.13152
P17038,121,150,30,1.3828,1.60503,3.86795,143,0.747052,0.161411,-1.16285,2.7051
P57729,211,211,1,1.38081,1.38081,3.33419,211,0.898906,1.22702,-0.932244,2.40194
B4DX44,121,150,30,1.38027,1.5971,3.77085,130,0.678037,-0.0908369,-0.761187,2.91184
A8MTY0,121,150,30,1.37422,1.5887,3.83379,142,0.708201,0.308143,-1.03048,2.80331
Q6PKX4,331,331,1,1.37386,1.37386,3.281,331,0.871161,1.30317,-0.985344,2.29566
A8MUV8,91,120,30,1.37365,1.61135,3.80691,106,0.752365,-0.0221801,-0.841595,2.91184
Q9H8G1,151,180,30,1.3703,1.60412,3.73238,154,0.542941,-0.127477,-0.929969,2.80241
A8MUV8,121,150,30,1.36955,1.53344,3.74808,142,0.771564,0.588256,-1.07258,2.6755
Q15928,121,150,30,1.36941,1.56121,3.69161,130,0.798419,0.0240077,-0.703157,2.91184
Q5T752,31,60,30,1.36929,1.47361,3.40879,37,0.666827,1.54047,-1.25615,2.11852
Q96JC4,121,150,30,1.36921,1.57118,3.5455,129,0.729679,-0.634335,-0.871559,2.5737
Q9BYE3,91,92,2,1.36863,1.40556,3.25941,91,0.627844,1.38063,-1.2095,2.0499
A6NK75,121,150,30,1.36852,1.53261,3.58971,131,0.57241,-0.220484,-0.995964,2.5728
Q701N4,91,120,30,1.36778,1.52843,3.58389,97,0.618782,1.61334,-1.26753,2.24364
Q14773,271,271,1,1.36744,1.36744,3.29111,271,0.620048,0.97969,-1.20533,2.08578
Q5T2Q4,361,361,1,1.36605,1.36605,3.32143,361,0.492858,0.727102,-1.28498,2.03645
Q5T754,91,118,28,1.3647,1.53746,3.38405,100,0.749513,2.09641,-1.28763,1.83554
Q6L8G9,61,90,30,1.36375,1.53409,3.53808,79,0.608586,1.62893,-1.26753,2.25395
Q5T5B0,91,92,2,1.36342,1.38513,3.2445,91,0.599774,1.26907,-1.21253,2.03197
Q5TCM9,91,118,28,1.36298,1.50144,3.3066,98,0.676558,1.85107,-1.1966,2.11
P10589,421,423,3,1.36181,1.46104,3.44524,423,0.6625,1.35039,-1.21102,2.23422
Q8NEM1,121,150,30,1.35577,1.59484,3.63699,132,0.655107,-0.159349,-0.728948,2.90287
Q6ZRM9,211,215,5,1.35507,1.49008,3.49075,213,0.992327,1.84495,-0.823769,2.66698
Q6L8G5,61,90,30,1.35264,1.50796,3.55698,70,0.586982,1.57317,-1.26753,2.19745
Q8TF20,31,60,30,1.35255,1.51536,3.70457,53,0.827122,0.76769,-0.883317,2.82125
Q9BYT5,121,123,3,1.35043,1.38333,3.19525,123,0.628525,1.30569,-1.26867,1.92658
Q96E52,91,120,30,1.34993,1.4216,3.47466,109,0.651767,0.432146,-1.06879,2.40284
Q6L8H2,1,30,30,1.34969,1.53246,3.44838,23,0.623224,1.78673,-1.26753,2.14946
Q6L8G5,91,120,30,1.3488,1.48376,3.54256,93,0.551035,1.20705,-1.26753,2.27503
Q9Y4Z2,211,214,4,1.34857,1.40386,3.29584,212,0.742599,1.38446,-1.11885,2.17458
A6NNF4,91,120,30,1.34743,1.5495,3.48998,117,0.642838,-0.252098,-0.705053,2.78492
Q6L8G4,61,90,30,1.34731,1.55962,3.59458,76,0.600976,1.66023,-1.26753,2.32167
Q5T753,91,118,28,1.34676,1.51945,3.30305,100,0.727301,1.98924,-1.29256,1.86873
Q05481,121,150,30,1.34597,1.56217,3.69801,126,0.598493,-0.389818,-0.799495,2.70017
P05496,1,30,30,1.34188,1.50761,3.69262,21,0.654805,0.769426,-1.11354,2.57908
Q701N4,31,60,30,1.34102,1.49801,3.40982,37,0.605238,1.69212,-1.26753,2.09071
Q3SXZ3,121,150,30,1.33869,1.51864,3.58794,143,0.870905,0.0872158,-0.856387,2.73156
Q5TA79,91,106,16,1.3386,1.52023,3.3718,96,0.619653,1.79003,-1.2645,2.10731
P0DPD5,91,120,30,1.33805,1.55189,3.58071,105,0.703243,-0.043182,-0.70126,2.87013
Q5TA79,31,60,30,1.33609,1.57134,3.59293,57,0.600491,1.73007,-1.26184,2.33109
Q6L8H2,61,90,30,1.33557,1.4954,3.34255,62,0.594177,1.70126,-1.26753,2.07502
Q13309,421,424,4,1.33519,1.38703,3.15337,424,0.71406,1.48593,-1.18599,1.96739
I6L899,631,631,1,1.33506,1.33506,3.248,631,0.761789,0.981509,-0.972069,2.27593
Q5TA81,91,110,20,1.3348,1.53322,3.35221,97,0.64461,2.06989,-1.28232,1.86021
O76011,391,394,4,1.33446,1.38369,3.32169,391,0.61327,1.0788,-1.1655,2.15619
A6NK75,91,120,30,1.33381,1.56418,3.68083,117,0.588634,-0.07963,-0.896212,2.75398
A8MUX0,1,30,30,1.33344,1.58706,3.42256,16,0.62678,2.05852,-1.24933,2.17323
A0A8V8TMC4,271,285,15,1.33303,1.46914,3.52999,285,0.6105,1.14014,-1.23074,2.29925
Q6L8H1,91,120,30,1.33256,1.44217,3.51814,91,0.545601,0.771732,-1.26374,2.2544
Q3ZCX4,151,180,30,1.33226,1.48554,3.57389,153,0.574057,0.0690787,-1.04755,2.51002
Q9UKA1,691,691,1,1.33225,1.33225,3.11831,691,0.611051,1.16647,-1.22581,1.8925
Q14593,151,180,30,1.33212,1.56255,3.78141,175,0.830675,0.316224,-1.06196,2.71945
Q8TD23,121,150,30,1.33183,1.59068,3.76784,126,0.583801,0.160049,-0.852974,2.91184
Q8IW36,121,150,30,1.32985,1.62465,3.80277,138,0.637341,-0.0436604,-0.873835,2.91184
Q9BZM6,241,244,4,1.32883,1.45937,3.5743,244,0.290545,0.484987,-1.25577,2.31853
Q5T754,31,60,30,1.32831,1.48471,3.42603,58,0.595167,1.60932,-1.26184,2.10686
O75690,61,90,30,1.32757,1.51043,3.55108,79,0.564211,1.53997,-1.26753,2.22301
O95780,121,150,30,1.32649,1.56368,3.79099,142,0.760143,0.343736,-1.07827,2.71272
Q5TA82,31,60,30,1.32593,1.50165,3.54701,53,0.581573,1.40384,-1.26146,2.26651
O75437,121,150,30,1.32584,1.49634,3.44076,139,0.832248,0.00161462,-0.472932,2.91184
Q9Y342,181,182,2,1.32533,1.36991,3.22949,182,0.696522,1.24673,-1.15716,2.07233
Q8IYB9,121,150,30,1.32455,1.54528,3.76936,127,0.644956,0.413439,-0.799874,2.91184
Q5TA82,91,110,20,1.32438,1.52249,3.362,97,0.621884,2.08385,-1.27815,1.80056
Q9BZM4,241,244,4,1.32421,1.4656,3.58996,244,0.371114,0.539233,-1.25843,2.33153
O14633,91,110,20,1.32311,1.52052,3.33837,97,0.618999,2.06022,-1.27815,1.82119
Q9UGL9,91,99,9,1.32306,1.38122,3.09289,93,0.621549,1.51399,-1.22012,1.87276
P17019,91,120,30,1.32248,1.5019,3.63738,105,0.740886,0.308404,-0.965621,2.66025
Q96N38,91,120,30,1.322,1.4994,3.66796,102,0.596388,0.71028,-0.96107,2.70689
Q5T751,31,60,30,1.32176,1.46804,3.36159,58,0.59728,1.65576,-1.2535,2.03152
Q8TD23,91,120,30,1.32106,1.55274,3.6407,116,0.679017,-0.0789068,-0.898867,2.72752
Q6L8H1,61,90,30,1.31992,1.5413,3.69714,90,0.550924,1.24745,-1.26336,2.43378
Q9HCL3,91,120,30,1.31971,1.58481,3.60892,118,0.674238,-0.13119,-0.697088,2.91184
Q5TA81,31,60,30,1.3188,1.50538,3.54177,53,0.566987,1.42463,-1.26032,2.27099
Q701N2,31,60,30,1.31746,1.50855,3.42551,60,0.574238,1.6453,-1.26753,2.15798
A6NCC3,631,632,2,1.31741,1.34738,3.28567,632,0.726341,0.940485,-0.972069,2.3136
A0A1B0GTR4,91,108,18,1.31636,1.47222,3.4485,105,0.66899,1.6121,-1.11733,2.28848
O95971,181,181,1,1.31552,1.31552,3.21529,181,0.342975,0.219743,-1.20305,2.01223
Q5T7P3,31,60,30,1.31396,1.45007,3.2867,58,0.585091,1.62429,-1.25426,1.98712
Q68DY1,121,150,30,1.31323,1.52071,3.66885,128,0.636305,0.519548,-0.757015,2.91184
O94844,691,696,6,1.3123,1.50986,3.66182,696,0.770516,1.10097,-1.17916,2.48266
Q06055,1,30,30,1.31222,1.48541,3.63763,25,0.717569,1.0578,-0.829838,2.80779
H3BSY2,631,632,2,1.31221,1.33497,3.24725,632,0.65109,0.934126,-1.02289,2.22435
Q5TA78,91,99,9,1.31197,1.48008,3.30234,91,0.572816,1.70474,-1.24212,2.06022
Q96NG8,91,120,30,1.31024,1.58441,3.62271,117,0.778662,-0.461001,-0.769532,2.73514
Q5T753,31,60,30,1.30989,1.45516,3.38205,58,0.576753,1.56682,-1.25084,2.04856
Q14593,121,150,30,1.30946,1.54169,3.46288,139,0.794093,-0.178458,-0.605302,2.85757
Q8IYB9,91,120,30,1.30922,1.51623,3.39995,117,0.687993,-0.215308,-0.620852,2.77909
Q13164,511,540,30,1.3088,1.51323,3.37222,519,0.533847,-0.740099,2.36487,-0.940846
A8MTY0,91,120,30,1.30796,1.54858,3.55582,106,0.782974,-0.101034,-0.735017,2.8208
Q9H714,661,662,2,1.30714,1.37171,3.31465,662,0.857366,1.1731,-0.96069,2.35396
Q6PG37,91,120,30,1.30713,1.58507,3.8547,120,0.634187,0.572069,-0.952726,2.90197
Q3SY52,151,180,30,1.30688,1.69505,3.90146,167,0.512537,-0.376176,-1.05741,2.83022
O75373,121,150,30,1.30544,1.52945,3.6259,142,0.721719,0.166566,-0.830217,2.79569
Q5T7P2,31,60,30,1.30436,1.4765,3.3715,58,0.579612,1.83289,-1.2497,1.92972
Q9H2A3,271,272,2,1.30397,1.37559,3.36638,271,1.28985,1.33588,-0.472932,2.89345
Q5TA79,61,90,30,1.30384,1.53356,3.30364,65,0.632057,1.96386,-1.26829,2.00551
A8MUX0,241,270,30,1.30353,1.51926,3.45111,243,0.560056,1.66654,-1.26488,2.18624
Q6A162,1,30,30,1.30323,1.4295,3.25649,26,0.658487,1.56393,-1.17878,2.07771
Q76KX8,151,180,30,1.30292,1.3894,3.24442,158,0.78969,-0.325742,-0.259016,2.65442
P0DPD5,121,150,30,1.30286,1.55351,3.60932,127,0.637702,-0.0246991,-0.652333,2.91184
Q6L8G4,1,30,30,1.30274,1.51708,3.32237,23,0.561787,1.83528,-1.26753,2.05484
Q03938,121,150,30,1.30257,1.57603,3.78402,142,0.768077,0.224192,-1.00583,2.7782
O14633,31,60,30,1.30219,1.46695,3.42938,59,0.544361,1.61491,-1.26146,2.04183
A0A286YF77,91,105,15,1.30202,1.41746,3.24882,97,0.534355,1.42327,-1.26753,1.97815
P0DH78,151,156,6,1.29945,1.35436,3.25528,156,0.740661,1.15097,-1.03048,2.2248
Q96H40,121,150,30,1.29939,1.53187,3.44345,139,0.745966,-0.187109,-0.469897,2.91184
O94856,1021,1021,1,1.29908,1.29908,3.1648,1021,0.613661,0.422445,2.29167,-0.873129
Q6ZMV8,91,120,30,1.29907,1.51088,3.43363,117,0.514349,-0.13897,-0.659919,2.77371
Q9H8G1,121,150,30,1.29723,1.46782,3.49511,138,0.571631,-0.114592,-0.867007,2.55397
Q701N4,1,30,30,1.29636,1.47052,3.24434,16,0.554406,1.74588,-1.26753,1.94811
A8MX34,331,341,11,1.29607,1.42649,3.43835,341,0.528967,0.991957,-1.26601,2.17233
Q8NEM1,91,120,30,1.29601,1.51829,3.64899,112,0.61413,0.188784,-0.813908,2.78896
Q6L8H2,91,120,30,1.29512,1.52305,3.47057,106,0.522764,1.66819,-1.26677,2.1952
Q9BWM5,151,180,30,1.29461,1.5764,3.45579,171,0.590547,-0.609625,-0.656126,2.71093
Q9UII5,31,60,30,1.29456,1.43441,3.49668,48,0.86711,0.201451,-0.695192,2.69523
Q9P255,91,120,30,1.29456,1.50375,3.60466,94,0.473495,0.0273357,-1.11885,2.4858
Q6L8H4,181,210,30,1.29449,1.47498,3.30847,196,0.534359,1.74386,-1.26753,1.96694
A6NNF4,121,150,30,1.2943,1.58638,3.74243,130,0.656555,-0.0199968,-0.762704,2.91184
Q6L8H4,91,120,30,1.29345,1.47884,3.36587,118,0.511019,1.66608,-1.26753,2.03959
Q5TA78,31,60,30,1.2933,1.47459,3.28675,56,0.555725,2.02339,-1.26336,1.67724
Q6L8G8,1,30,30,1.29321,1.47045,3.30757,30,0.541861,1.79707,-1.26753,1.90371
Q6P1K8,391,395,5,1.29313,1.44453,3.29397,395,0.618285,1.56415,-1.20191,2.09206
Q5JVG8,121,150,30,1.29257,1.50244,3.61332,144,0.695856,0.159861,-1.04186,2.57146
P0CB33,121,150,30,1.29223,1.49836,3.58579,129,0.672125,-0.59612,-0.907211,2.4154
Q05481,151,180,30,1.29213,1.54669,3.78164,180,0.429596,0.555254,-1.12795,2.65308
H3BV12,631,632,2,1.29183,1.3239,3.22557,632,0.701908,0.930568,-0.972069,2.2535
F8WBI6,631,632,2,1.29179,1.32387,3.22557,632,0.701376,0.929838,-0.972069,2.2535
P60409,361,370,10,1.29078,1.34211,3.01011,367,0.543449,1.47199,-1.26563,1.67948
Q13888,391,395,5,1.29062,1.44266,3.29128,395,0.614697,1.55787,-1.20191,2.08937
Q5T5D7,91,120,30,1.29043,1.52763,3.65101,104,0.932715,0.351743,-0.763842,2.88717
Q2M3X9,151,180,30,1.28991,1.64136,3.92311,178,0.694776,0.179607,-1.02024,2.90287
P51523,151,180,30,1.28826,1.49804,3.51324,158,0.764073,0.193185,-0.581786,2.91184
A6NKC9,451,451,1,1.28756,1.28756,3.00784,451,0.892911,1.44056,-0.884834,2.123
Q03936,91,120,30,1.28675,1.46776,3.49673,105,0.760256,0.0654563,-0.573442,2.81004
Q68DY1,91,120,30,1.28666,1.605,3.63569,117,0.695581,-0.266595,-0.788875,2.84681
P35789,91,120,30,1.28568,1.4989,3.44583,108,0.798736,0.00797286,-0.485827,2.91184
Q96RM1,61,72,12,1.28415,1.47453,3.48625,72,0.656897,1.33619,-1.22467,2.26158
P22531,61,72,12,1.28397,1.47867,3.50353,72,0.648831,1.32158,-1.22581,2.27772
Q5TA76,61,89,29,1.28366,1.53601,3.59342,87,0.698242,1.66703,-1.22164,2.31046
Q5JVG8,91,120,30,1.28275,1.46766,3.22085,117,0.6736,-0.205718,-0.407316,2.80196
P48201,1,30,30,1.28205,1.45718,3.5546,18,0.780305,0.742515,-0.753981,2.80062
Q5TCM9,31,60,30,1.28155,1.53414,3.4489,57,0.533787,1.78639,-1.25995,2.16875
Q9BYU5,121,128,8,1.28126,1.39259,3.22685,128,0.53828,1.30376,-1.26753,1.95932
P19113,661,662,2,1.28093,1.33199,3.12645,662,0.683051,1.28841,-1.08282,2.04363
P26371,1,30,30,1.28065,1.46465,3.33493,16,0.530111,1.70323,-1.26753,1.95977
P17025,121,150,30,1.28032,1.5003,3.48755,145,0.865241,0.126033,-0.556753,2.91184
P0C7H8,121,128,8,1.28026,1.39055,3.22505,128,0.536819,1.29399,-1.26753,1.95752
Q9BYR9,121,128,8,1.28026,1.39055,3.22505,128,0.536819,1.29399,-1.26753,1.95752
Q6P280,121,150,30,1.27959,1.40503,3.31119,139,0.988761,0.314066,-0.342079,2.91184
A0PG75,271,271,1,1.27902,1.27902,3.07152,271,0.467693,0.82414,-1.24629,1.82523
Q5TA78,61,90,30,1.27886,1.53692,3.3541,88,0.66775,1.90179,-1.3047,2.00685
Q8N693,391,406,16,1.27731,1.51189,3.6861,406,0.763483,1.15907,-1.22505,2.42123
Q86TG1,271,271,1,1.27718,1.27718,3.11231,271,0.438204,0.621303,-1.2095,1.90281
Q8TF32,121,150,30,1.27706,1.42171,3.44176,136,0.800492,0.192071,-0.651195,2.69658
Q05481,181,210,30,1.27696,1.54139,3.75421,181,0.382881,0.360069,-1.1693,2.58491
Q96N68,181,181,1,1.27694,1.27694,2.95888,181,0.663196,1.24869,-1.10899,1.84989
O75690,1,30,30,1.27595,1.48844,3.35869,23,0.524017,1.78879,-1.26753,1.98219
Q5TA82,61,90,30,1.27572,1.53197,3.5456,61,0.696638,1.57642,-1.2607,2.2849
Q03924,31,60,30,1.27523,1.51446,3.56801,53,0.719932,-0.106289,-0.788496,2.71048
Q96MU6,151,180,30,1.27486,1.49512,3.62921,168,0.719781,0.481314,-0.90797,2.72124
Q14587,181,210,30,1.27425,1.54723,3.77242,184,0.65367,0.393551,-1.17764,2.59478
Q8WXB4,211,240,30,1.27419,1.51209,3.60006,218,0.899499,0.351946,-0.694054,2.90601
P10398,601,606,6,1.27292,1.37433,3.25029,606,0.70938,1.24032,-1.14388,2.10641
P60369,211,221,11,1.27224,1.3616,3.03477,216,0.524516,1.51253,-1.26488,1.72298
Q86T29,121,150,30,1.2722,1.51087,3.61508,125,0.630934,0.38687,-0.734637,2.88044
Q8N7Q3,61,90,30,1.27166,1.53125,3.44904,90,0.635717,-0.161818,-0.609853,2.83919
O14521,1,30,30,1.27017,1.43124,3.48831,15,0.475663,0.880517,-1.16664,2.32167
Q6L8G5,1,30,30,1.26971,1.44998,3.15465,30,0.5161,1.74263,-1.26753,1.87007
Q15928,91,120,30,1.26907,1.47787,3.34461,117,0.718905,-0.0899436,-0.562822,2.78178
