predictor_a,predictor_b,length_bin,n_common_proteins,protein_mean_score_spearman
trizod,chezod,<200,3847,0.9810960101508849
trizod,chezod,200-499,8715,0.9781449248264668
trizod,chezod,500-999,5675,0.9819202553147113
trizod,chezod,>=1000,2422,0.9921221885278885
trizod,softdis,<200,3847,0.8353375907384678
trizod,softdis,200-499,8715,0.9416026673071051
trizod,softdis,500-999,5675,0.9544815658481584
trizod,softdis,>=1000,2422,0.952416600633276
trizod,atlas,<200,3847,0.8699088652533467
trizod,atlas,200-499,8715,0.948059745526141
trizod,atlas,500-999,5675,0.9386754145728722
trizod,atlas,>=1000,2422,0.9428479311456968
trizod,plddt,<200,3847,0.911115688301706
trizod,plddt,200-499,8715,0.9176493771988394
trizod,plddt,500-999,5675,0.9538453250705066
trizod,plddt,>=1000,2422,0.969808239882054
trizod,disprot,<200,3847,0.9411159482605979
trizod,disprot,200-499,8715,0.9665307477521099
trizod,disprot,500-999,5675,0.9778226122195851
trizod,disprot,>=1000,2422,0.9863197165890585
trizod,SETH,<200,3847,0.9434103019052439
trizod,SETH,200-499,8715,0.9031374755596865
trizod,SETH,500-999,5675,0.9123285923399236
trizod,SETH,>=1000,2422,0.948019107262227
trizod,IUPred3,<200,3847,0.4998814990184198
trizod,IUPred3,200-499,8715,0.7878643992431693
trizod,IUPred3,500-999,5675,0.8515000848732245
trizod,IUPred3,>=1000,2422,0.8966525031746646
trizod,ADOPT,<200,3847,0.923269163592977
trizod,ADOPT,200-499,8715,0.921260612038622
trizod,ADOPT,500-999,5675,0.9425140209834822
trizod,ADOPT,>=1000,2422,0.8924728577952404
trizod,metapredict,<200,3847,0.865312969937062
trizod,metapredict,200-499,8715,0.9418330031773413
trizod,metapredict,500-999,5675,0.9520945364992938
trizod,metapredict,>=1000,2422,0.9571536546616111
trizod,PUNCH2_light,<200,3746,0.8968351679896136
trizod,PUNCH2_light,200-499,8704,0.9526643196583756
trizod,PUNCH2_light,500-999,5670,0.9502573195118406
trizod,PUNCH2_light,>=1000,1957,0.96090348100253
trizod,DisoFLAG,<200,3847,0.712381729299807
trizod,DisoFLAG,200-499,8715,0.8112666454819839
trizod,DisoFLAG,500-999,5675,0.7910617571255918
trizod,DisoFLAG,>=1000,1958,0.7318511312670487
trizod,DisorderUnetLM,<200,3847,0.885148651877853
trizod,DisorderUnetLM,200-499,8715,0.8346968007628929
trizod,DisorderUnetLM,500-999,5675,0.6982600667386087
trizod,DisorderUnetLM,>=1000,2422,0.6215548458172206
trizod,DisPredict3,<200,3835,0.6249451717764677
trizod,DisPredict3,200-499,8705,0.7111450914431168
trizod,DisPredict3,500-999,5670,0.5300753717778204
trizod,DisPredict3,>=1000,2386,0.4266774982602092
chezod,softdis,<200,3847,0.830052129682198
chezod,softdis,200-499,8715,0.9086197007742693
chezod,softdis,500-999,5675,0.9368565453212946
chezod,softdis,>=1000,2422,0.9456397113170885
chezod,atlas,<200,3847,0.8746835671765899
chezod,atlas,200-499,8715,0.914899886690393
chezod,atlas,500-999,5675,0.9271079979021857
chezod,atlas,>=1000,2422,0.9408169423576687
chezod,plddt,<200,3847,0.8948648471347077
chezod,plddt,200-499,8715,0.8795524586482297
chezod,plddt,500-999,5675,0.9393280715071329
chezod,plddt,>=1000,2422,0.9584517429501026
chezod,disprot,<200,3847,0.9477885077387257
chezod,disprot,200-499,8715,0.9338899556923843
chezod,disprot,500-999,5675,0.9630089930819022
chezod,disprot,>=1000,2422,0.9770926787552869
chezod,SETH,<200,3847,0.9385444882627273
chezod,SETH,200-499,8715,0.8907050432450948
chezod,SETH,500-999,5675,0.9180169878281106
chezod,SETH,>=1000,2422,0.9352113747206877
chezod,IUPred3,<200,3847,0.4727944338896125
chezod,IUPred3,200-499,8715,0.7826532400711798
chezod,IUPred3,500-999,5675,0.8220518276300937
chezod,IUPred3,>=1000,2422,0.8779509493350713
chezod,ADOPT,<200,3847,0.9222787975049921
chezod,ADOPT,200-499,8715,0.9076147809202098
chezod,ADOPT,500-999,5675,0.9417272830122444
chezod,ADOPT,>=1000,2422,0.8878540076661048
chezod,metapredict,<200,3847,0.8459716883555192
chezod,metapredict,200-499,8715,0.9100871906617108
chezod,metapredict,500-999,5675,0.9267084132205858
chezod,metapredict,>=1000,2422,0.9407652096753842
chezod,PUNCH2_light,<200,3746,0.8789164029059031
chezod,PUNCH2_light,200-499,8704,0.926980917895554
chezod,PUNCH2_light,500-999,5670,0.9415259332003924
chezod,PUNCH2_light,>=1000,1957,0.9497865522983031
chezod,DisoFLAG,<200,3847,0.7326154391923941
chezod,DisoFLAG,200-499,8715,0.7828730511698245
chezod,DisoFLAG,500-999,5675,0.7851249247207864
chezod,DisoFLAG,>=1000,1958,0.7198717980603101
chezod,DisorderUnetLM,<200,3847,0.8887849237630918
chezod,DisorderUnetLM,200-499,8715,0.792436530506297
chezod,DisorderUnetLM,500-999,5675,0.6802020333183719
chezod,DisorderUnetLM,>=1000,2422,0.5991354722995049
chezod,DisPredict3,<200,3835,0.6550833286658517
chezod,DisPredict3,200-499,8705,0.6742682364374788
chezod,DisPredict3,500-999,5670,0.46999760080241426
chezod,DisPredict3,>=1000,2386,0.39786425532808756
softdis,atlas,<200,3847,0.8740389640031613
softdis,atlas,200-499,8715,0.9518460060211796
softdis,atlas,500-999,5675,0.9521778414229654
softdis,atlas,>=1000,2422,0.9541399678885991
softdis,plddt,<200,3847,0.800588115907123
softdis,plddt,200-499,8715,0.9377365257694917
softdis,plddt,500-999,5675,0.9644798701670144
softdis,plddt,>=1000,2422,0.9478309793571388
softdis,disprot,<200,3847,0.8284149892519577
softdis,disprot,200-499,8715,0.964878340673062
softdis,disprot,500-999,5675,0.9720257490548015
softdis,disprot,>=1000,2422,0.9496605493749617
softdis,SETH,<200,3847,0.7595981848440018
softdis,SETH,200-499,8715,0.8722461581569897
softdis,SETH,500-999,5675,0.9047195159421985
softdis,SETH,>=1000,2422,0.9046694683828914
softdis,IUPred3,<200,3847,0.5040963636731397
softdis,IUPred3,200-499,8715,0.7493329762905625
softdis,IUPred3,500-999,5675,0.8334847953160727
softdis,IUPred3,>=1000,2422,0.8562002652893332
softdis,ADOPT,<200,3847,0.7146145021530919
softdis,ADOPT,200-499,8715,0.8686703242054638
softdis,ADOPT,500-999,5675,0.9202117641103446
softdis,ADOPT,>=1000,2422,0.8566583378899286
softdis,metapredict,<200,3847,0.6802909101281186
softdis,metapredict,200-499,8715,0.9189337610835462
softdis,metapredict,500-999,5675,0.9466722598813553
softdis,metapredict,>=1000,2422,0.9120501249774818
softdis,PUNCH2_light,<200,3746,0.8371578642943295
softdis,PUNCH2_light,200-499,8704,0.9542714866749189
softdis,PUNCH2_light,500-999,5670,0.960982036836034
softdis,PUNCH2_light,>=1000,1957,0.9526627033249302
softdis,DisoFLAG,<200,3847,0.6504023611056958
softdis,DisoFLAG,200-499,8715,0.7928873505728129
softdis,DisoFLAG,500-999,5675,0.8073278944251823
softdis,DisoFLAG,>=1000,1958,0.7609899459249944
softdis,DisorderUnetLM,<200,3847,0.7227726496576544
softdis,DisorderUnetLM,200-499,8715,0.8109138170290766
softdis,DisorderUnetLM,500-999,5675,0.688271052170722
softdis,DisorderUnetLM,>=1000,2422,0.5951672284314412
softdis,DisPredict3,<200,3835,0.586290139414586
softdis,DisPredict3,200-499,8705,0.689980183714076
softdis,DisPredict3,500-999,5670,0.49892487193396623
softdis,DisPredict3,>=1000,2386,0.44367221013390423
atlas,plddt,<200,3847,0.7428460017552562
atlas,plddt,200-499,8715,0.8878776763944214
atlas,plddt,500-999,5675,0.9122230085989347
atlas,plddt,>=1000,2422,0.911701127434332
atlas,disprot,<200,3847,0.8678936226453807
atlas,disprot,200-499,8715,0.9522957955794893
atlas,disprot,500-999,5675,0.9471050042577588
atlas,disprot,>=1000,2422,0.9440282150370132
atlas,SETH,<200,3847,0.8126496654747216
atlas,SETH,200-499,8715,0.843613547146683
atlas,SETH,500-999,5675,0.8604859292479565
atlas,SETH,>=1000,2422,0.870869624374792
atlas,IUPred3,<200,3847,0.45162553549551826
atlas,IUPred3,200-499,8715,0.7597028619082185
atlas,IUPred3,500-999,5675,0.8301061012970379
atlas,IUPred3,>=1000,2422,0.8794875763881144
atlas,ADOPT,<200,3847,0.7545221245399684
atlas,ADOPT,200-499,8715,0.8538915437725013
atlas,ADOPT,500-999,5675,0.8846921707986726
atlas,ADOPT,>=1000,2422,0.8296326538182237
atlas,metapredict,<200,3847,0.7208970164379792
atlas,metapredict,200-499,8715,0.9016778736193253
atlas,metapredict,500-999,5675,0.9011757087350221
atlas,metapredict,>=1000,2422,0.8908400977162207
atlas,PUNCH2_light,<200,3746,0.813409836672416
atlas,PUNCH2_light,200-499,8704,0.9303976390095923
atlas,PUNCH2_light,500-999,5670,0.9226540462517485
atlas,PUNCH2_light,>=1000,1957,0.9172758144136612
atlas,DisoFLAG,<200,3847,0.6873972800467926
atlas,DisoFLAG,200-499,8715,0.7845934166241888
atlas,DisoFLAG,500-999,5675,0.7603791312310599
atlas,DisoFLAG,>=1000,1958,0.6834581967326321
atlas,DisorderUnetLM,<200,3847,0.7498822920831497
atlas,DisorderUnetLM,200-499,8715,0.7986854009884049
atlas,DisorderUnetLM,500-999,5675,0.6614705308781796
atlas,DisorderUnetLM,>=1000,2422,0.5480333586237734
atlas,DisPredict3,<200,3835,0.6658605225247634
atlas,DisPredict3,200-499,8705,0.6973175326917156
atlas,DisPredict3,500-999,5670,0.4738524270636935
atlas,DisPredict3,>=1000,2386,0.40381211021479707
plddt,disprot,<200,3847,0.9097035118873859
plddt,disprot,200-499,8715,0.9553934260264684
plddt,disprot,500-999,5675,0.9771894076037485
plddt,disprot,>=1000,2422,0.9815766396095825
plddt,SETH,<200,3847,0.874215934204969
plddt,SETH,200-499,8715,0.8983470941562741
plddt,SETH,500-999,5675,0.9183099769375493
plddt,SETH,>=1000,2422,0.9534990037558649
plddt,IUPred3,<200,3847,0.37107667279016293
plddt,IUPred3,200-499,8715,0.6467423416647422
plddt,IUPred3,500-999,5675,0.7912304438347343
plddt,IUPred3,>=1000,2422,0.8611873853907558
plddt,ADOPT,<200,3847,0.8931461920431975
plddt,ADOPT,200-499,8715,0.8825940471444562
plddt,ADOPT,500-999,5675,0.9404586970729841
plddt,ADOPT,>=1000,2422,0.9091549260873303
plddt,metapredict,<200,3847,0.8303976213869617
plddt,metapredict,200-499,8715,0.9062203795843787
plddt,metapredict,500-999,5675,0.9568171993602108
plddt,metapredict,>=1000,2422,0.9690399576062957
plddt,PUNCH2_light,<200,3746,0.87777186198534
plddt,PUNCH2_light,200-499,8704,0.9253423581506853
plddt,PUNCH2_light,500-999,5670,0.9588260786159641
plddt,PUNCH2_light,>=1000,1957,0.9697423492074597
plddt,DisoFLAG,<200,3847,0.5877091410952163
plddt,DisoFLAG,200-499,8715,0.7447675236147179
plddt,DisoFLAG,500-999,5675,0.8088465217096636
plddt,DisoFLAG,>=1000,1958,0.7619839953612603
plddt,DisorderUnetLM,<200,3847,0.8022628050203536
plddt,DisorderUnetLM,200-499,8715,0.7916445651421631
plddt,DisorderUnetLM,500-999,5675,0.6884965703815759
plddt,DisorderUnetLM,>=1000,2422,0.6282013240094451
plddt,DisPredict3,<200,3835,0.5086228027572237
plddt,DisPredict3,200-499,8705,0.6356118256574707
plddt,DisPredict3,500-999,5670,0.49144096617152916
plddt,DisPredict3,>=1000,2386,0.4440198540285323
disprot,SETH,<200,3847,0.9075243029933997
disprot,SETH,200-499,8715,0.8899311234953426
disprot,SETH,500-999,5675,0.9106178665186996
disprot,SETH,>=1000,2422,0.9392190714103379
disprot,IUPred3,<200,3847,0.38951692539307736
disprot,IUPred3,200-499,8715,0.744690037615295
disprot,IUPred3,500-999,5675,0.837993651923289
disprot,IUPred3,>=1000,2422,0.9042430449624353
disprot,ADOPT,<200,3847,0.8954204792581869
disprot,ADOPT,200-499,8715,0.9032537804231408
disprot,ADOPT,500-999,5675,0.9435995990921644
disprot,ADOPT,>=1000,2422,0.8987522919745223
disprot,metapredict,<200,3847,0.8421200841074341
disprot,metapredict,200-499,8715,0.9382538840211082
disprot,metapredict,500-999,5675,0.9576611618411811
disprot,metapredict,>=1000,2422,0.9667015660409047
disprot,PUNCH2_light,<200,3746,0.8777049890505497
disprot,PUNCH2_light,200-499,8704,0.9619660689895375
disprot,PUNCH2_light,500-999,5670,0.967847970207122
disprot,PUNCH2_light,>=1000,1957,0.9688256307941152
disprot,DisoFLAG,<200,3847,0.7275975180699552
disprot,DisoFLAG,200-499,8715,0.8194602771248535
disprot,DisoFLAG,500-999,5675,0.8192067477057244
disprot,DisoFLAG,>=1000,1958,0.7389504733747997
disprot,DisorderUnetLM,<200,3847,0.8754477557458618
disprot,DisorderUnetLM,200-499,8715,0.8462832291013643
disprot,DisorderUnetLM,500-999,5675,0.707917079840364
disprot,DisorderUnetLM,>=1000,2422,0.6176888046139704
disprot,DisPredict3,<200,3835,0.6807560646985282
disprot,DisPredict3,200-499,8705,0.7170846535629152
disprot,DisPredict3,500-999,5670,0.5172430604831976
disprot,DisPredict3,>=1000,2386,0.42150890607126756
SETH,IUPred3,<200,3847,0.4731549890872909
SETH,IUPred3,200-499,8715,0.7011154481249499
SETH,IUPred3,500-999,5675,0.7788787575478767
SETH,IUPred3,>=1000,2422,0.8536959760914702
SETH,ADOPT,<200,3847,0.9403860778982788
SETH,ADOPT,200-499,8715,0.9163052398284465
SETH,ADOPT,500-999,5675,0.9448318891626785
SETH,ADOPT,>=1000,2422,0.9071875790557866
SETH,metapredict,<200,3847,0.8663938014515045
SETH,metapredict,200-499,8715,0.8919092208938169
SETH,metapredict,500-999,5675,0.9209343019854446
SETH,metapredict,>=1000,2422,0.9516302647071695
SETH,PUNCH2_light,<200,3746,0.8811639929792227
SETH,PUNCH2_light,200-499,8704,0.9039876990924395
SETH,PUNCH2_light,500-999,5670,0.9420480700180067
SETH,PUNCH2_light,>=1000,1957,0.9616824630218338
SETH,DisoFLAG,<200,3847,0.7315591840201556
SETH,DisoFLAG,200-499,8715,0.7539674848585427
SETH,DisoFLAG,500-999,5675,0.808766783230149
SETH,DisoFLAG,>=1000,1958,0.7482198189115513
SETH,DisorderUnetLM,<200,3847,0.9099396001176504
SETH,DisorderUnetLM,200-499,8715,0.8098701550002025
SETH,DisorderUnetLM,500-999,5675,0.747460050854616
SETH,DisorderUnetLM,>=1000,2422,0.6763509415956931
SETH,DisPredict3,<200,3835,0.6319913386469139
SETH,DisPredict3,200-499,8705,0.6284469694995215
SETH,DisPredict3,500-999,5670,0.45537338215783824
SETH,DisPredict3,>=1000,2386,0.47761308699159294
IUPred3,ADOPT,<200,3847,0.45996469855930994
IUPred3,ADOPT,200-499,8715,0.7460545300853672
IUPred3,ADOPT,500-999,5675,0.8142721746935042
IUPred3,ADOPT,>=1000,2422,0.8117664615914656
IUPred3,metapredict,<200,3847,0.4687891508816331
IUPred3,metapredict,200-499,8715,0.7873423826092173
IUPred3,metapredict,500-999,5675,0.846985212641966
IUPred3,metapredict,>=1000,2422,0.8882821340656802
IUPred3,PUNCH2_light,<200,3746,0.4567541917333296
IUPred3,PUNCH2_light,200-499,8704,0.7596717934686804
IUPred3,PUNCH2_light,500-999,5670,0.8341229057332965
IUPred3,PUNCH2_light,>=1000,1957,0.891806427793812
IUPred3,DisoFLAG,<200,3847,0.45992649322964896
IUPred3,DisoFLAG,200-499,8715,0.72202634457529
IUPred3,DisoFLAG,500-999,5675,0.6687879212030449
IUPred3,DisoFLAG,>=1000,1958,0.6079433422258916
IUPred3,DisorderUnetLM,<200,3847,0.4783410704048382
IUPred3,DisorderUnetLM,200-499,8715,0.6814528209419676
IUPred3,DisorderUnetLM,500-999,5675,0.5831227808093374
IUPred3,DisorderUnetLM,>=1000,2422,0.5292103398246375
IUPred3,DisPredict3,<200,3835,0.46095340076093094
IUPred3,DisPredict3,200-499,8705,0.6531980954671391
IUPred3,DisPredict3,500-999,5670,0.47365536073149883
IUPred3,DisPredict3,>=1000,2386,0.3547753795429041
ADOPT,metapredict,<200,3847,0.8767085839683388
ADOPT,metapredict,200-499,8715,0.8951756227191499
ADOPT,metapredict,500-999,5675,0.9361900980048378
ADOPT,metapredict,>=1000,2422,0.8895122774705447
ADOPT,PUNCH2_light,<200,3746,0.8506564804786854
ADOPT,PUNCH2_light,200-499,8704,0.9004901781228004
ADOPT,PUNCH2_light,500-999,5670,0.9455686260416496
ADOPT,PUNCH2_light,>=1000,1957,0.9200962647676469
ADOPT,DisoFLAG,<200,3847,0.6732959103100613
ADOPT,DisoFLAG,200-499,8715,0.7895007154112094
ADOPT,DisoFLAG,500-999,5675,0.8176508701433205
ADOPT,DisoFLAG,>=1000,1958,0.7146298389366749
ADOPT,DisorderUnetLM,<200,3847,0.886464501785291
ADOPT,DisorderUnetLM,200-499,8715,0.8180124929840316
ADOPT,DisorderUnetLM,500-999,5675,0.7229501309075755
ADOPT,DisorderUnetLM,>=1000,2422,0.5747404535274735
ADOPT,DisPredict3,<200,3835,0.5970454768708033
ADOPT,DisPredict3,200-499,8705,0.6853376787519587
ADOPT,DisPredict3,500-999,5670,0.503840255642074
ADOPT,DisPredict3,>=1000,2386,0.43559791535213715
metapredict,PUNCH2_light,<200,3746,0.8374833121849243
metapredict,PUNCH2_light,200-499,8704,0.9484603969250573
metapredict,PUNCH2_light,500-999,5670,0.9651544343345625
metapredict,PUNCH2_light,>=1000,1957,0.971857290032957
metapredict,DisoFLAG,<200,3847,0.6025238054088305
metapredict,DisoFLAG,200-499,8715,0.7866804290314824
metapredict,DisoFLAG,500-999,5675,0.7937803174650203
metapredict,DisoFLAG,>=1000,1958,0.7306128137888068
metapredict,DisorderUnetLM,<200,3847,0.8110505412186578
metapredict,DisorderUnetLM,200-499,8715,0.8338151456523674
metapredict,DisorderUnetLM,500-999,5675,0.7078834432275173
metapredict,DisorderUnetLM,>=1000,2422,0.6338267992271843
metapredict,DisPredict3,<200,3835,0.5717256454904386
metapredict,DisPredict3,200-499,8705,0.7123798347979863
metapredict,DisPredict3,500-999,5670,0.5317430137285704
metapredict,DisPredict3,>=1000,2386,0.4276969741096809
PUNCH2_light,DisoFLAG,<200,3746,0.6319007537473438
PUNCH2_light,DisoFLAG,200-499,8704,0.8078586653496146
PUNCH2_light,DisoFLAG,500-999,5670,0.8283458528397296
PUNCH2_light,DisoFLAG,>=1000,1957,0.7702286399484682
PUNCH2_light,DisorderUnetLM,<200,3746,0.8268333932674626
PUNCH2_light,DisorderUnetLM,200-499,8704,0.8564102790326593
PUNCH2_light,DisorderUnetLM,500-999,5670,0.7432842064697008
PUNCH2_light,DisorderUnetLM,>=1000,1957,0.6365064561381009
PUNCH2_light,DisPredict3,<200,3746,0.5505253547050242
PUNCH2_light,DisPredict3,200-499,8704,0.7125560659448756
PUNCH2_light,DisPredict3,500-999,5670,0.5082001580349726
PUNCH2_light,DisPredict3,>=1000,1957,0.48389312580597404
DisoFLAG,DisorderUnetLM,<200,3847,0.8239791685343647
DisoFLAG,DisorderUnetLM,200-499,8715,0.8703057027013087
DisoFLAG,DisorderUnetLM,500-999,5675,0.8266290035303359
DisoFLAG,DisorderUnetLM,>=1000,1958,0.7571052799553191
DisoFLAG,DisPredict3,<200,3835,0.7668140420167973
DisoFLAG,DisPredict3,200-499,8705,0.757446413091141
DisoFLAG,DisPredict3,500-999,5670,0.5651711532001703
DisoFLAG,DisPredict3,>=1000,1958,0.6082146428109946
DisorderUnetLM,DisPredict3,<200,3835,0.7000904738321655
DisorderUnetLM,DisPredict3,200-499,8705,0.7576505198697636
DisorderUnetLM,DisPredict3,500-999,5670,0.5978364929430884
DisorderUnetLM,DisPredict3,>=1000,2386,0.5171501914751109
