dataset_a,dataset_b,comparison_level,protein_id_a,protein_id_b,sequence_length,n_residues_compared,match_mode,percent_identity,query_coverage,target_coverage,alignment_length
trizod,chezod,exact,16904_1_1_1,6968,140,138,sequence,,,,
trizod,softdis,exact,18761_1_1_1,3dxe_C,140,133,sequence,,,,
trizod,softdis,exact,17793_1_1_1,2wk3_C,42,40,sequence,,,,
trizod,softdis,exact,17550_1_1_1,2yhn_A,79,77,sequence,,,,
trizod,softdis,exact,27540_1_1_1,8g26_C,117,115,sequence,,,,
trizod,softdis,exact,51255_1_1_1,7soo_A,99,88,sequence,,,,
trizod,softdis,exact,15094_1_1_1,1naq_A,112,110,sequence,,,,
trizod,pdbflex,exact,18761_1_1_1,3dxdA,140,133,sequence,,,,
trizod,pdbflex,exact,17550_1_1_1,2yhoE,79,77,sequence,,,,
trizod,pdbflex,exact,15511_1_1_1,2cjrA,128,117,sequence,,,,
trizod,pdbflex,exact,28103_1_1_1,4k2dA,200,198,sequence,,,,
trizod,plddt,exact,25150_1_1_1,DP01337,151,145,sequence,,,,
trizod,plddt,exact,16904_1_1_1,DP00070,140,138,sequence,,,,
chezod,softdis,exact,4686,4oij_A,74,72,sequence,,,,
chezod,atlas,exact,6047,3f0o_B,212,186,sequence,,,,
chezod,atlas,exact,6047,3f0p_A,212,186,sequence,,,,
chezod,plddt,exact,6139,DP00580,50,48,sequence,,,,
chezod,plddt,exact,16876,DP00667,185,182,sequence,,,,
chezod,plddt,exact,6968,DP00070,140,138,sequence,,,,
chezod,plddt,exact,25093,DP01291,82,80,sequence,,,,
chezod,plddt,exact,6047,DP00575,212,186,sequence,,,,
chezod,plddt,exact,11526,DP01140,148,146,sequence,,,,
chezod,plddt,exact,6974,DP00358,160,157,sequence,,,,
chezod,plddt,exact,17483,DP00705,109,105,sequence,,,,
chezod,plddt,exact,7279,DP00040,107,105,sequence,,,,
chezod,plddt,exact,17205,DP00277,69,67,sequence,,,,
chezod,plddt,exact,19332,DP01425,111,108,sequence,,,,
chezod,plddt,exact,1128,DP00137,65,63,sequence,,,,
chezod,disprot,exact,19135,DP04241,467,465,sequence,,,,
softdis,pdbflex,exact,5n16_D,5n15A,138,138,sequence,,,,
softdis,pdbflex,exact,4djm_A,4djmD,239,239,sequence,,,,
softdis,pdbflex,exact,1ov8_C,1qhqA,140,140,sequence,,,,
softdis,pdbflex,exact,4kzv_A,4kzwA,134,134,sequence,,,,
softdis,pdbflex,exact,2py2_A,2py2A,136,136,sequence,,,,
softdis,pdbflex,exact,1l2o_B,3jtdB,156,156,sequence,,,,
softdis,pdbflex,exact,1ql3_A,1ql4A,99,99,sequence,,,,
softdis,pdbflex,exact,4ofi_A,4ofiC,115,115,sequence,,,,
softdis,pdbflex,exact,4of6_A,4of6B,120,120,sequence,,,,
softdis,pdbflex,exact,1osa_A,1osaA,148,148,sequence,,,,
softdis,pdbflex,exact,2oz1_B,2oz1F,138,138,sequence,,,,
softdis,pdbflex,exact,1pwp_A,1jkyA,776,776,sequence,,,,
softdis,pdbflex,exact,4hj6_A,4hj6B,178,178,sequence,,,,
softdis,pdbflex,exact,4hwh_A,4hwhE,88,88,sequence,,,,
softdis,pdbflex,exact,2rib_A,2ricC,160,160,sequence,,,,
softdis,pdbflex,exact,5zhc_A,5zi8A,113,113,sequence,,,,
softdis,pdbflex,exact,5v6f_A,5v6cB,138,138,sequence,,,,
softdis,pdbflex,exact,1wp8_B,1wp8A,89,89,sequence,,,,
softdis,pdbflex,exact,4lx8_A,4hnsA,124,124,sequence,,,,
softdis,pdbflex,exact,3dxe_C,3dxdA,140,140,sequence,,,,
softdis,pdbflex,exact,1bye_A,1byeA,213,213,sequence,,,,
softdis,pdbflex,exact,3cdg_K,3cdgF,120,120,sequence,,,,
softdis,pdbflex,exact,2ymz_A,2ymzA,130,130,sequence,,,,
softdis,pdbflex,exact,6mry_A,6mryA,48,48,sequence,,,,
softdis,pdbflex,exact,5u96_A,5u96A,52,52,sequence,,,,
softdis,pdbflex,exact,3jv6_B,3jv6B,107,107,sequence,,,,
softdis,pdbflex,exact,3oe3_A,3oe3C,98,98,sequence,,,,
softdis,pdbflex,exact,7ytq_A,3c22D,156,156,sequence,,,,
softdis,pdbflex,exact,1nw2_A,1nw2A,105,105,sequence,,,,
softdis,pdbflex,exact,6eun_A,6eunA,156,156,sequence,,,,
softdis,pdbflex,exact,2z8v_C,2z8vC,116,116,sequence,,,,
softdis,pdbflex,exact,2qyp_A,2qypB,91,91,sequence,,,,
softdis,pdbflex,exact,1br4_B,1br4B,150,150,sequence,,,,
softdis,pdbflex,exact,3alu_A,3aluA,157,157,sequence,,,,
softdis,pdbflex,exact,1zmk_B,1zmhA,29,29,sequence,,,,
softdis,pdbflex,exact,1bj3_B,1j34B,123,123,sequence,,,,
softdis,pdbflex,exact,1bj3_A,1bj3A,129,129,sequence,,,,
softdis,pdbflex,exact,2wfv_A,2wfvA,25,25,sequence,,,,
softdis,pdbflex,exact,1zv8_B,6lvnB,36,36,sequence,,,,
softdis,pdbflex,exact,1bxa_A,2j55A,105,105,sequence,,,,
softdis,pdbflex,exact,4qae_P,4qaeP,25,25,sequence,,,,
softdis,pdbflex,exact,3hzb_A,3hzbD,90,90,sequence,,,,
softdis,pdbflex,exact,1bcp_D,1ptoD,110,110,sequence,,,,
softdis,pdbflex,exact,4fz0_M,4fz0O,40,40,sequence,,,,
softdis,pdbflex,exact,4aoq_D,4aoqE,37,37,sequence,,,,
softdis,pdbflex,exact,1asy_A,1aszA,490,490,sequence,,,,
softdis,pdbflex,exact,2jjs_A,2uv3B,126,126,sequence,,,,
softdis,pdbflex,exact,5xe2_A,5xe2A,107,107,sequence,,,,
softdis,pdbflex,exact,5ntt_A,5nttA,287,287,sequence,,,,
softdis,pdbflex,exact,5m3d_A,5m3tB,101,101,sequence,,,,
softdis,pdbflex,exact,5mgr_A,5mgsH,146,146,sequence,,,,
softdis,pdbflex,exact,2puk_C,2pukC,106,106,sequence,,,,
softdis,pdbflex,exact,1kb2_B,1kb6B,110,110,sequence,,,,
softdis,pdbflex,exact,1eja_B,1c9tG,59,59,sequence,,,,
softdis,pdbflex,exact,5x7v_A,5x7vC,193,193,sequence,,,,
softdis,pdbflex,exact,5u52_E,1oqoC,34,34,sequence,,,,
softdis,pdbflex,exact,5ied_B,5f0eB,88,88,sequence,,,,
softdis,pdbflex,exact,4v0n_A,4v0lA,169,169,sequence,,,,
softdis,pdbflex,exact,5f5u_C,5f5uC,36,36,sequence,,,,
softdis,pdbflex,exact,5vd2_A,5vd4A,289,289,sequence,,,,
softdis,pdbflex,exact,6gqa_A,6gqnA,62,62,sequence,,,,
softdis,pdbflex,exact,6jjj_B,6jjjA,160,160,sequence,,,,
softdis,pdbflex,exact,4ybh_B,4ybhB,92,92,sequence,,,,
softdis,pdbflex,exact,3zpv_1,3zpv1,62,62,sequence,,,,
softdis,pdbflex,exact,6joj_A,5k5xA,356,356,sequence,,,,
softdis,pdbflex,exact,4xq3_A,4xq3F,91,91,sequence,,,,
softdis,pdbflex,exact,4v0u_E,4v0uE,84,84,sequence,,,,
softdis,pdbflex,exact,1r6j_A,1r6jA,82,82,sequence,,,,
softdis,pdbflex,exact,4qeg_A,5jdjA,91,91,sequence,,,,
softdis,pdbflex,exact,2pe8_A,2pehA,105,105,sequence,,,,
softdis,pdbflex,exact,4nxp_A,4nxrA,94,94,sequence,,,,
softdis,pdbflex,exact,1zzi_A,1zziA,82,82,sequence,,,,
softdis,pdbflex,exact,6ryl_C,6rydA,76,76,sequence,,,,
softdis,pdbflex,exact,5x5o_A,6jutA,310,310,sequence,,,,
softdis,pdbflex,exact,4mwi_A,4mwiA,294,294,sequence,,,,
softdis,pdbflex,exact,4m8a_A,4m8aB,72,72,sequence,,,,
softdis,pdbflex,exact,6jb6_A,6jb6A,205,205,sequence,,,,
softdis,pdbflex,exact,4riq_C,4riqC,27,27,sequence,,,,
softdis,pdbflex,exact,5f5t_C,5f5tC,84,84,sequence,,,,
softdis,pdbflex,exact,1th7_K,1th7A,81,81,sequence,,,,
softdis,pdbflex,exact,3isw_A,3iswB,99,99,sequence,,,,
softdis,pdbflex,exact,5mpw_A,5mpwA,115,115,sequence,,,,
softdis,pdbflex,exact,2yhn_A,2yhoE,79,79,sequence,,,,
softdis,pdbflex,exact,6oec_A,6oecL,162,162,sequence,,,,
softdis,pdbflex,exact,6d48_E,6d49A,127,127,sequence,,,,
softdis,pdbflex,exact,3oq9_H,3oq9H,100,100,sequence,,,,
softdis,pdbflex,exact,3utm_A,3utmA,351,351,sequence,,,,
softdis,pdbflex,exact,2f5z_K,2f60K,64,64,sequence,,,,
softdis,pdbflex,exact,6d07_A,6d07A,55,55,sequence,,,,
softdis,pdbflex,exact,4x8w_A,4x8wE,75,75,sequence,,,,
softdis,pdbflex,exact,6qav_D,6qauA,280,280,sequence,,,,
softdis,pdbflex,exact,1f7t_A,1f7tA,122,122,sequence,,,,
softdis,pdbflex,exact,2cyx_A,2cyxA,170,170,sequence,,,,
softdis,pdbflex,exact,5x3p_A,5x3pA,83,83,sequence,,,,
softdis,pdbflex,exact,3trt_A,3trtA,77,77,sequence,,,,
softdis,pdbflex,exact,5un5_D,5un5C,123,123,sequence,,,,
softdis,pdbflex,exact,1zke_A,1zkeD,83,83,sequence,,,,
softdis,pdbflex,exact,5e8v_A,5e92A,316,316,sequence,,,,
softdis,pdbflex,exact,4fi1_A,4fi1A,374,374,sequence,,,,
softdis,pdbflex,exact,4k57_A,4k57A,518,518,sequence,,,,
softdis,pdbflex,exact,2qkv_A,2qkvA,96,96,sequence,,,,
softdis,pdbflex,exact,6j4k_A,6j4kA,60,60,sequence,,,,
softdis,pdbflex,exact,1yn4_A,1yn4A,99,99,sequence,,,,
softdis,pdbflex,exact,5ytk_A,5ytkA,274,274,sequence,,,,
softdis,pdbflex,exact,4d9s_A,4d9sA,406,406,sequence,,,,
softdis,pdbflex,exact,2x5h_A,2x5hD,97,97,sequence,,,,
softdis,pdbflex,exact,3nbn_E,2f8xK,256,256,sequence,,,,
softdis,pdbflex,exact,5u8k_A,5u8kB,231,231,sequence,,,,
softdis,pdbflex,exact,4lmm_A,4n6xA,91,91,sequence,,,,
softdis,pdbflex,exact,3pm9_A,3pm9A,476,476,sequence,,,,
softdis,pdbflex,exact,6o8q_A,6o8qB,91,91,sequence,,,,
softdis,pdbflex,exact,2iug_A,2iuhA,120,120,sequence,,,,
softdis,pdbflex,exact,3qby_A,3qbyA,94,94,sequence,,,,
softdis,pdbflex,exact,4qey_A,4qeyA,132,132,sequence,,,,
softdis,pdbflex,exact,4lw9_Q,4lw9A,120,120,sequence,,,,
softdis,pdbflex,exact,4cc4_B,4cc4B,68,68,sequence,,,,
softdis,pdbflex,exact,6ovf_A,6ovfA,161,161,sequence,,,,
softdis,pdbflex,exact,5ydk_A,5ydkF,87,87,sequence,,,,
softdis,pdbflex,exact,4hwc_A,4hwcB,89,89,sequence,,,,
softdis,pdbflex,exact,5jxc_B,5jxcA,92,92,sequence,,,,
softdis,pdbflex,exact,3m4p_A,3m4qB,456,456,sequence,,,,
softdis,pdbflex,exact,3lg6_A,3lg6A,235,235,sequence,,,,
softdis,pdbflex,exact,4lhx_C,4lhzE,78,78,sequence,,,,
softdis,pdbflex,exact,2wx4_A,2wx4D,46,46,sequence,,,,
softdis,pdbflex,exact,5whf_C,5whfC,90,90,sequence,,,,
softdis,pdbflex,exact,5v6h_A,5v6hE,79,79,sequence,,,,
softdis,pdbflex,exact,6fia_A,6fiaD,104,104,sequence,,,,
softdis,pdbflex,exact,1xw3_A,1xw3A,110,110,sequence,,,,
softdis,pdbflex,exact,7ciz_C,5bnvF,70,70,sequence,,,,
softdis,pdbflex,exact,6box_A,6bp4B,303,303,sequence,,,,
softdis,pdbflex,exact,6ml2_A,6ml4A,151,151,sequence,,,,
softdis,pdbflex,exact,4cym_D,4cz2D,203,203,sequence,,,,
softdis,pdbflex,exact,3iqc_A,3iqcA,131,131,sequence,,,,
softdis,pdbflex,exact,4b6d_A,4b6dA,61,61,sequence,,,,
softdis,pdbflex,exact,4wci_A,4wciC,65,65,sequence,,,,
softdis,pdbflex,exact,3rl0_Q,3rl0M,37,37,sequence,,,,
softdis,pdbflex,exact,5aqf_D,5aquB,118,118,sequence,,,,
softdis,pdbflex,exact,6hc2_B,6hc2B,71,71,sequence,,,,
softdis,pdbflex,exact,5xka_A,5xkaA,288,288,sequence,,,,
softdis,pdbflex,exact,4z88_G,4z88D,73,73,sequence,,,,
softdis,pdbflex,exact,3aae_Y,3aaeX,37,37,sequence,,,,
softdis,pdbflex,exact,7sn6_A,4fxwA,106,106,sequence,,,,
softdis,pdbflex,exact,3uvt_A,3uvtC,111,111,sequence,,,,
softdis,pdbflex,exact,6cps_A,6cpsA,131,131,sequence,,,,
softdis,pdbflex,exact,5jhc_f,5jhcA,24,24,sequence,,,,
softdis,pdbflex,exact,3vux_E,3vuxG,35,35,sequence,,,,
softdis,pdbflex,exact,4r3v_A,4r3vA,183,183,sequence,,,,
softdis,pdbflex,exact,4y85_C,5iu2B,332,332,sequence,,,,
softdis,pdbflex,exact,4yxa_B,4yx1A,70,70,sequence,,,,
softdis,pdbflex,exact,1yn8_A,1yn8A,59,59,sequence,,,,
softdis,pdbflex,exact,3hup_A,3hupA,130,130,sequence,,,,
softdis,pdbflex,exact,4yyi_A,4yyhB,108,108,sequence,,,,
softdis,pdbflex,exact,3t6r_A,3t6rA,72,72,sequence,,,,
softdis,pdbflex,exact,6huf_K,6hufA,182,182,sequence,,,,
softdis,pdbflex,exact,2ho2_A,2oeiA,38,38,sequence,,,,
softdis,pdbflex,exact,3ulj_A,3uljB,90,90,sequence,,,,
softdis,pdbflex,exact,5ei9_F,5ei9E,144,144,sequence,,,,
softdis,pdbflex,exact,2fpe_G,2fpeA,62,62,sequence,,,,
softdis,pdbflex,exact,4tsf_I,2v7qJ,66,66,sequence,,,,
softdis,pdbflex,exact,6msq_A,6msqB,76,76,sequence,,,,
softdis,pdbflex,exact,3a7o_A,3a7oE,75,75,sequence,,,,
softdis,pdbflex,exact,5yts_A,6a6lA,83,83,sequence,,,,
softdis,pdbflex,exact,3wsr_A,3wwkC,128,128,sequence,,,,
softdis,pdbflex,exact,6c0t_A,6bg2A,347,347,sequence,,,,
softdis,pdbflex,exact,6msv_F,6msvD,92,92,sequence,,,,
softdis,pdbflex,exact,3woc_A,3wocA,151,151,sequence,,,,
softdis,pdbflex,exact,3qdo_A,3qdoA,109,109,sequence,,,,
softdis,pdbflex,exact,1ici_A,1iciA,256,256,sequence,,,,
softdis,pdbflex,exact,3zqm_G,3zqnI,72,72,sequence,,,,
softdis,pdbflex,exact,4d3p_A,4d3pA,147,147,sequence,,,,
softdis,pdbflex,exact,6bug_A,6buhA,82,82,sequence,,,,
softdis,pdbflex,exact,4q2n_A,4q2nB,103,103,sequence,,,,
softdis,pdbflex,exact,4pyu_A,4pyuA,76,76,sequence,,,,
softdis,pdbflex,exact,4eqm_A,4eqmA,294,294,sequence,,,,
softdis,pdbflex,exact,4w4m_A,4w4mH,78,78,sequence,,,,
softdis,pdbflex,exact,3fz2_A,3fz2E,134,134,sequence,,,,
softdis,pdbflex,exact,2bay_A,2bayE,61,61,sequence,,,,
softdis,pdbflex,exact,4lk9_A,4lk9A,136,136,sequence,,,,
softdis,pdbflex,exact,5t2q_A,5t2rA,108,108,sequence,,,,
softdis,pdbflex,exact,4k2e_A,4ooiB,112,112,sequence,,,,
softdis,pdbflex,exact,2vkj_A,2vkjA,106,106,sequence,,,,
softdis,pdbflex,exact,5np5_A,5np3D,61,61,sequence,,,,
softdis,pdbflex,exact,5i44_B,5i44B,69,69,sequence,,,,
softdis,pdbflex,exact,1gcp_A,1gcqC,70,70,sequence,,,,
softdis,pdbflex,exact,1nkn_A,3basB,89,89,sequence,,,,
softdis,pdbflex,exact,1oms_C,1omsC,121,121,sequence,,,,
softdis,pdbflex,exact,4gdo_A,4gdoA,43,43,sequence,,,,
softdis,pdbflex,exact,5dft_A,5dftA,101,101,sequence,,,,
softdis,pdbflex,exact,5csf_A,5csnA,95,95,sequence,,,,
softdis,pdbflex,exact,3wgd_A,3wgdC,113,113,sequence,,,,
softdis,pdbflex,exact,3r84_B,3r84V,92,92,sequence,,,,
softdis,pdbflex,exact,6br7_A,6br7B,133,133,sequence,,,,
softdis,pdbflex,exact,2y20_A,2y20C,58,58,sequence,,,,
softdis,pdbflex,exact,6ama_A,6amaY,71,71,sequence,,,,
softdis,pdbflex,exact,5l1o_A,5l1qA,401,401,sequence,,,,
softdis,pdbflex,exact,4i3w_C,4i3xA,488,488,sequence,,,,
softdis,pdbflex,exact,4zz7_E,4zz7A,501,501,sequence,,,,
softdis,pdbflex,exact,3soh_B,3sohB,80,80,sequence,,,,
softdis,pdbflex,exact,4bl6_A,4bl6C,94,94,sequence,,,,
softdis,pdbflex,exact,3nit_A,3nitA,90,90,sequence,,,,
softdis,pdbflex,exact,3rtl_A,3rtlB,121,121,sequence,,,,
softdis,pdbflex,exact,6kc4_A,6kc4A,102,102,sequence,,,,
softdis,pdbflex,exact,4y5o_A,4fqnA,98,98,sequence,,,,
softdis,pdbflex,exact,4j4a_A,4j4aA,27,27,sequence,,,,
softdis,pdbflex,exact,6n6s_B,6n6sD,72,72,sequence,,,,
softdis,pdbflex,exact,6f63_A,6f63A,98,98,sequence,,,,
softdis,pdbflex,exact,1zdn_A,1zdnA,158,158,sequence,,,,
softdis,pdbflex,exact,1yh2_A,1yh2A,169,169,sequence,,,,
softdis,pdbflex,exact,6n3f_C,6n3dA,96,96,sequence,,,,
softdis,pdbflex,exact,4d2h_A,4d2hA,38,38,sequence,,,,
softdis,pdbflex,exact,6aso_F,5vsuF,88,88,sequence,,,,
softdis,pdbflex,exact,6gfq_C,6gfoE,77,77,sequence,,,,
softdis,pdbflex,exact,2von_A,2vodB,193,193,sequence,,,,
softdis,pdbflex,exact,3mq1_D,3mq1A,103,103,sequence,,,,
softdis,pdbflex,exact,2qms_A,4wwqB,120,120,sequence,,,,
softdis,pdbflex,exact,5dc4_A,3uyoA,123,123,sequence,,,,
softdis,pdbflex,exact,6aup_A,6aupA,38,38,sequence,,,,
softdis,pdbflex,exact,4n9g_C,4jlrC,123,123,sequence,,,,
softdis,pdbflex,exact,4r4l_A,4r4lC,49,49,sequence,,,,
softdis,pdbflex,exact,2cxk_A,2cxkA,95,95,sequence,,,,
softdis,pdbflex,exact,2ek1_F,2ek1A,95,95,sequence,,,,
softdis,pdbflex,exact,1wmg_A,1wmgA,103,103,sequence,,,,
softdis,pdbflex,exact,2o94_A,2o94A,112,112,sequence,,,,
softdis,pdbflex,exact,4pav_A,4pavB,145,145,sequence,,,,
softdis,pdbflex,exact,3iv1_C,3iv1A,78,78,sequence,,,,
softdis,pdbflex,exact,2wwk_T,2wwmD,102,102,sequence,,,,
softdis,pdbflex,exact,4f2j_C,3uk3D,57,57,sequence,,,,
softdis,pdbflex,exact,6pxb_F,6pxcA,109,109,sequence,,,,
softdis,pdbflex,exact,2rkl_A,2rklA,53,53,sequence,,,,
softdis,pdbflex,exact,5fm8_A,5fm4B,112,112,sequence,,,,
softdis,pdbflex,exact,3d1m_C,3n1fD,102,102,sequence,,,,
softdis,pdbflex,exact,5z9j_D,5z9jC,398,398,sequence,,,,
softdis,pdbflex,exact,6dm9_B,6dm9B,78,78,sequence,,,,
softdis,pdbflex,exact,2pmu_A,2pmuB,110,110,sequence,,,,
softdis,pdbflex,exact,3r0j_A,5ed4E,250,250,sequence,,,,
softdis,pdbflex,exact,4j45_A,4j48A,86,86,sequence,,,,
softdis,pdbflex,exact,1gto_A,1gtoA,62,62,sequence,,,,
softdis,pdbflex,exact,2vi6_F,2vi6A,62,62,sequence,,,,
softdis,pdbflex,exact,3u7u_K,3u7uH,55,55,sequence,,,,
softdis,pdbflex,exact,3dvx_A,3dvxA,196,196,sequence,,,,
softdis,pdbflex,exact,4ylz_A,4ym1C,153,153,sequence,,,,
softdis,pdbflex,exact,3oei_C,3oeiC,96,96,sequence,,,,
softdis,pdbflex,exact,3otw_F,3otwA,163,163,sequence,,,,
softdis,pdbflex,exact,3vz2_A,3vz2B,470,470,sequence,,,,
softdis,pdbflex,exact,5umw_A,5umwA,151,151,sequence,,,,
softdis,pdbflex,exact,1nn4_B,1nn4A,162,162,sequence,,,,
softdis,pdbflex,exact,2x64_A,2x64B,207,207,sequence,,,,
softdis,pdbflex,exact,5eyo_A,5eyoC,88,88,sequence,,,,
softdis,pdbflex,exact,3qo2_A,3qo2A,64,64,sequence,,,,
softdis,pdbflex,exact,6o8o_A,6o8oB,111,111,sequence,,,,
softdis,pdbflex,exact,5t01_A,5t01A,64,64,sequence,,,,
softdis,pdbflex,exact,3vke_A,3vkeA,76,76,sequence,,,,
softdis,pdbflex,exact,6od3_A,6od5A,62,62,sequence,,,,
softdis,pdbflex,exact,3eu9_C,3eu9A,240,240,sequence,,,,
softdis,pdbflex,exact,1bu1_A,1bu1A,57,57,sequence,,,,
softdis,pdbflex,exact,3p3z_A,3p3oA,416,416,sequence,,,,
softdis,pdbflex,exact,1n5z_A,1jqqB,92,92,sequence,,,,
softdis,pdbflex,exact,3byb_B,3bybA,59,59,sequence,,,,
softdis,pdbflex,exact,2ybr_C,2ybrI,66,66,sequence,,,,
softdis,pdbflex,exact,5zi6_A,5zi6A,55,55,sequence,,,,
softdis,pdbflex,exact,4kg3_A,4kg3B,146,146,sequence,,,,
softdis,pdbflex,exact,1i07_A,1aojA,60,60,sequence,,,,
softdis,pdbflex,exact,5x5l_A,5x5lE,109,109,sequence,,,,
softdis,pdbflex,exact,2er8_A,2er8A,72,72,sequence,,,,
softdis,pdbflex,exact,3tp1_A,3tpwA,152,152,sequence,,,,
softdis,pdbflex,exact,3szs_A,3szsB,46,46,sequence,,,,
softdis,pdbflex,exact,5cer_B,5cerB,193,193,sequence,,,,
softdis,pdbflex,exact,5fgs_A,5fgsC,136,136,sequence,,,,
softdis,pdbflex,exact,2bwe_S,2bwfA,77,77,sequence,,,,
softdis,pdbflex,exact,3cjh_B,3cjhB,64,64,sequence,,,,
softdis,pdbflex,exact,2pys_A,2pysB,109,109,sequence,,,,
softdis,pdbflex,exact,5wb2_B,5wb2B,76,76,sequence,,,,
softdis,pdbflex,exact,1jr8_A,1jraA,117,117,sequence,,,,
softdis,pdbflex,exact,6jnl_A,6jnmA,101,101,sequence,,,,
softdis,pdbflex,exact,3kjn_B,3kjnB,95,95,sequence,,,,
softdis,pdbflex,exact,2vm2_A,2vm1C,118,118,sequence,,,,
softdis,pdbflex,exact,3ulg_B,2nxqA,134,134,sequence,,,,
softdis,pdbflex,exact,5xop_A,5xopA,66,66,sequence,,,,
softdis,pdbflex,exact,5a4w_C,5a4wA,212,212,sequence,,,,
softdis,pdbflex,exact,4pj1_O,4pj1Z,114,114,sequence,,,,
softdis,pdbflex,exact,4hjm_A,4n11A,111,111,sequence,,,,
softdis,pdbflex,exact,4ywe_A,4yweA,487,487,sequence,,,,
softdis,pdbflex,exact,3js5_A,3idoA,178,178,sequence,,,,
softdis,pdbflex,exact,2bet_A,2betC,172,172,sequence,,,,
softdis,pdbflex,exact,6lkp_A,6lkpC,184,184,sequence,,,,
softdis,pdbflex,exact,1w2i_A,1v3zA,91,91,sequence,,,,
softdis,pdbflex,exact,2bnz_D,2bnwB,53,53,sequence,,,,
softdis,pdbflex,exact,5ytq_C,5ytqA,77,77,sequence,,,,
softdis,pdbflex,exact,3mi9_A,3mi9A,351,351,sequence,,,,
softdis,pdbflex,exact,3dls_A,3dlsA,335,335,sequence,,,,
softdis,pdbflex,exact,4ijx_A,4ijxA,155,155,sequence,,,,
softdis,pdbflex,exact,5nld_A,5nldB,139,139,sequence,,,,
softdis,pdbflex,exact,5mg1_A,4q0jA,524,524,sequence,,,,
softdis,pdbflex,exact,1owf_A,1owgA,99,99,sequence,,,,
softdis,pdbflex,exact,6bpg_D,6bpgA,490,490,sequence,,,,
softdis,pdbflex,exact,4ji2_N,4ji0N,61,61,sequence,,,,
softdis,pdbflex,exact,3nsi_A,3nsiB,101,101,sequence,,,,
softdis,pdbflex,exact,6er7_A,6exrA,120,120,sequence,,,,
softdis,pdbflex,exact,2zbc_A,2zbcA,83,83,sequence,,,,
softdis,pdbflex,exact,2z3t_A,3a1lA,425,425,sequence,,,,
softdis,pdbflex,exact,5y5k_B,5y5fA,403,403,sequence,,,,
softdis,pdbflex,exact,2zi0_A,2zi0A,75,75,sequence,,,,
softdis,pdbflex,exact,2h3r_A,2oa5B,110,110,sequence,,,,
softdis,pdbflex,exact,4d6x_A,4d6yA,148,148,sequence,,,,
softdis,pdbflex,exact,6g1z_A,6g1zB,509,509,sequence,,,,
softdis,pdbflex,exact,5jvh_L,1nkwM,114,114,sequence,,,,
softdis,pdbflex,exact,2zug_A,2zugA,90,90,sequence,,,,
softdis,pdbflex,exact,5lsb_B,5lslE,84,84,sequence,,,,
softdis,pdbflex,exact,5xfi_A,5xfiA,153,153,sequence,,,,
softdis,pdbflex,exact,4eb5_A,4eb5A,382,382,sequence,,,,
softdis,pdbflex,exact,4fxe_D,4fxhB,95,95,sequence,,,,
softdis,pdbflex,exact,4ywu_A,4ohtA,465,465,sequence,,,,
softdis,pdbflex,exact,5xjr_E,3pgwH,92,92,sequence,,,,
softdis,pdbflex,exact,5duw_C,5duuB,155,155,sequence,,,,
softdis,pdbflex,exact,2yhf_A,2yhfA,118,118,sequence,,,,
softdis,pdbflex,exact,5ylg_A,4pxvC,49,49,sequence,,,,
softdis,pdbflex,exact,2zqk_M,2zqkM,77,77,sequence,,,,
softdis,pdbflex,exact,1d4t_A,1d4tA,104,104,sequence,,,,
softdis,pdbflex,exact,6cfx_A,6cfxD,80,80,sequence,,,,
softdis,pdbflex,exact,6f8a_A,6f8aA,400,400,sequence,,,,
softdis,pdbflex,exact,5lnl_A,5lnlC,151,151,sequence,,,,
softdis,pdbflex,exact,1jlv_A,1jlvA,209,209,sequence,,,,
softdis,pdbflex,exact,5vyg_B,5vygB,50,50,sequence,,,,
softdis,pdbflex,exact,3ia0_Z,3ia0A,119,119,sequence,,,,
softdis,pdbflex,exact,1kql_A,1kqlA,56,56,sequence,,,,
softdis,pdbflex,exact,3hvz_A,3hvzA,78,78,sequence,,,,
softdis,pdbflex,exact,1fbm_A,1vdfA,46,46,sequence,,,,
softdis,pdbflex,exact,3pmk_N,3pmkN,68,68,sequence,,,,
softdis,pdbflex,exact,3udb_A,3udbD,317,317,sequence,,,,
softdis,pdbflex,exact,3ox5_A,3ox5A,153,153,sequence,,,,
softdis,pdbflex,exact,3q5y_A,3q5yA,240,240,sequence,,,,
softdis,pdbflex,exact,5izd_A,5izdA,508,508,sequence,,,,
softdis,pdbflex,exact,3a9x_A,3a9zA,432,432,sequence,,,,
softdis,pdbflex,exact,6rfk_E,6rfkE,62,62,sequence,,,,
softdis,pdbflex,exact,5mnj_D,5mnjH,64,64,sequence,,,,
softdis,pdbflex,exact,1s7g_D,1s7gA,253,253,sequence,,,,
softdis,pdbflex,exact,4pw9_B,4pwaD,106,106,sequence,,,,
softdis,pdbflex,exact,4zk7_M,4zk7Q,111,111,sequence,,,,
softdis,pdbflex,exact,2pei_A,2peiD,109,109,sequence,,,,
softdis,pdbflex,exact,2dwz_A,2dvwA,231,231,sequence,,,,
softdis,pdbflex,exact,5wni_A,5wnjA,342,342,sequence,,,,
softdis,pdbflex,exact,4omy_A,4omzC,118,118,sequence,,,,
softdis,pdbflex,exact,4nat_B,4nauB,160,160,sequence,,,,
softdis,pdbflex,exact,5ltw_C,5ltwG,149,149,sequence,,,,
softdis,pdbflex,exact,1h0x_A,1h0yA,100,100,sequence,,,,
softdis,pdbflex,exact,6s45_A,6qqhA,128,128,sequence,,,,
softdis,pdbflex,exact,4hi2_B,6krbA,91,91,sequence,,,,
softdis,pdbflex,exact,1uke_A,5ukdA,194,194,sequence,,,,
softdis,pdbflex,exact,1b4f_A,1b4fB,82,82,sequence,,,,
softdis,pdbflex,exact,3bq7_A,3bq7C,81,81,sequence,,,,
softdis,pdbflex,exact,4mtd_A,4mteD,171,171,sequence,,,,
softdis,pdbflex,exact,6h6n_A,6h6nA,131,131,sequence,,,,
softdis,pdbflex,exact,1b6w_A,1b6wA,69,69,sequence,,,,
softdis,pdbflex,exact,5gi0_A,5gi0A,133,133,sequence,,,,
softdis,pdbflex,exact,1j2c_A,1ix3A,267,267,sequence,,,,
softdis,pdbflex,exact,4g8k_A,4g8lA,337,337,sequence,,,,
softdis,pdbflex,exact,4q9u_C,4q9uG,92,92,sequence,,,,
softdis,pdbflex,exact,6jy5_D,6jy5D,85,85,sequence,,,,
softdis,pdbflex,exact,3a1y_A,3a1yA,58,58,sequence,,,,
softdis,pdbflex,exact,6k4k_A,6oqqA,873,873,sequence,,,,
softdis,pdbflex,exact,2okd_A,2okdC,147,147,sequence,,,,
softdis,pdbflex,exact,5iqq_A,5iqqA,91,91,sequence,,,,
softdis,pdbflex,exact,3sq7_A,3sq7A,470,470,sequence,,,,
softdis,pdbflex,exact,4oiz_A,4oitB,113,113,sequence,,,,
softdis,pdbflex,exact,6j2z_F,6j2zB,108,108,sequence,,,,
softdis,pdbflex,exact,3ezz_A,3ezzA,144,144,sequence,,,,
softdis,pdbflex,exact,1xk8_A,1xk8D,147,147,sequence,,,,
softdis,pdbflex,exact,2wc8_A,2wc8D,95,95,sequence,,,,
softdis,pdbflex,exact,6i19_A,6q46A,113,113,sequence,,,,
softdis,pdbflex,exact,6app_B,4w2oB,106,106,sequence,,,,
softdis,pdbflex,exact,4ygc_B,4ygdH,104,104,sequence,,,,
softdis,pdbflex,exact,6ar4_A,6bjnA,125,125,sequence,,,,
softdis,pdbflex,exact,4i5t_A,4i5tA,333,333,sequence,,,,
softdis,pdbflex,exact,1qzw_A,1qzwA,440,440,sequence,,,,
softdis,pdbflex,exact,4asx_A,4asxA,322,322,sequence,,,,
softdis,pdbflex,exact,2oe0_A,2oe1A,114,114,sequence,,,,
softdis,pdbflex,exact,6is1_E,6is2A,128,128,sequence,,,,
softdis,pdbflex,exact,2nwa_A,2nwaA,88,88,sequence,,,,
softdis,pdbflex,exact,5lb7_B,5lb7B,80,80,sequence,,,,
softdis,pdbflex,exact,3kvp_A,3kvpD,72,72,sequence,,,,
softdis,pdbflex,exact,4g0i_A,4g0kA,328,328,sequence,,,,
softdis,pdbflex,exact,2fo0_A,2fo0A,495,495,sequence,,,,
softdis,pdbflex,exact,5gnj_G,5gnjB,89,89,sequence,,,,
softdis,pdbflex,exact,3qkb_A,3qkbA,111,111,sequence,,,,
softdis,pdbflex,exact,1vp7_C,1vp7B,100,100,sequence,,,,
softdis,pdbflex,exact,5vo1_A,5cenA,300,300,sequence,,,,
softdis,pdbflex,exact,6mgh_H,6mghD,163,163,sequence,,,,
softdis,pdbflex,exact,2i54_A,2i54A,247,247,sequence,,,,
softdis,pdbflex,exact,6liu_A,6livA,531,531,sequence,,,,
softdis,pdbflex,exact,2bpd_A,2bpdB,142,142,sequence,,,,
softdis,pdbflex,exact,3hug_A,3hugA,92,92,sequence,,,,
softdis,pdbflex,exact,6rxm_B,6rxmA,254,254,sequence,,,,
softdis,pdbflex,exact,3stq_A,3stqA,102,102,sequence,,,,
softdis,pdbflex,exact,3b0v_C,3b0vC,363,363,sequence,,,,
softdis,pdbflex,exact,3vfz_A,3vepH,86,86,sequence,,,,
softdis,pdbflex,exact,4emh_U,4emhA,105,105,sequence,,,,
softdis,pdbflex,exact,6cmv_A,6cmvB,139,139,sequence,,,,
softdis,pdbflex,exact,4ozj_A,4oznA,143,143,sequence,,,,
softdis,pdbflex,exact,4ykb_A,4ykbA,229,229,sequence,,,,
softdis,pdbflex,exact,6bbx_A,5w27A,144,144,sequence,,,,
softdis,pdbflex,exact,6pop_B,6pnuC,497,497,sequence,,,,
softdis,pdbflex,exact,4bf9_A,4bf9A,338,338,sequence,,,,
softdis,pdbflex,exact,2wst_A,2wstA,208,208,sequence,,,,
softdis,pdbflex,exact,3ul5_A,3ul5D,139,139,sequence,,,,
softdis,pdbflex,exact,3nc3_A,3nc6B,441,441,sequence,,,,
softdis,pdbflex,exact,6hjm_A,6hjmP,192,192,sequence,,,,
softdis,pdbflex,exact,2g0i_A,2g0jC,145,145,sequence,,,,
softdis,pdbflex,exact,5hxy_A,5hxyA,317,317,sequence,,,,
softdis,pdbflex,exact,4d0v_A,4d0vD,145,145,sequence,,,,
softdis,pdbflex,exact,4ids_A,4lemC,563,563,sequence,,,,
softdis,pdbflex,exact,6o3w_A,6o3xA,172,172,sequence,,,,
softdis,pdbflex,exact,4lfn_A,4lfnA,162,162,sequence,,,,
softdis,pdbflex,exact,6emt_A,6emuA,197,197,sequence,,,,
softdis,pdbflex,exact,5kyo_A,5kyoA,430,430,sequence,,,,
softdis,pdbflex,exact,6af3_A,6af4A,141,141,sequence,,,,
softdis,pdbflex,exact,2qra_D,2qraC,111,111,sequence,,,,
softdis,pdbflex,exact,4u39_N,4u39J,60,60,sequence,,,,
softdis,pdbflex,exact,4o1i_A,4o1iD,138,138,sequence,,,,
softdis,pdbflex,exact,4lgz_A,3v9lB,563,563,sequence,,,,
softdis,pdbflex,exact,5hsm_A,5x80A,160,160,sequence,,,,
softdis,pdbflex,exact,4pu8_B,4pu4D,118,118,sequence,,,,
softdis,pdbflex,exact,5d40_B,5d40A,427,427,sequence,,,,
softdis,pdbflex,exact,4h2w_C,4h2wC,103,103,sequence,,,,
softdis,pdbflex,exact,5m6h_A,6h6rA,127,127,sequence,,,,
softdis,pdbflex,exact,3hyb_A,3rg6C,155,155,sequence,,,,
softdis,pdbflex,exact,4qyj_H,4qyjA,516,516,sequence,,,,
softdis,pdbflex,exact,3ssq_A,3ssqA,122,122,sequence,,,,
softdis,pdbflex,exact,4h2t_C,4h2uD,110,110,sequence,,,,
softdis,pdbflex,exact,5tsg_B,5tshE,588,588,sequence,,,,
softdis,pdbflex,exact,1vb6_A,1vb6A,167,167,sequence,,,,
softdis,pdbflex,exact,1ri7_A,2e1cA,171,171,sequence,,,,
softdis,pdbflex,exact,2jca_A,2jbzA,143,143,sequence,,,,
softdis,pdbflex,exact,4gx7_A,4gx7A,152,152,sequence,,,,
softdis,pdbflex,exact,3kof_A,3kofA,337,337,sequence,,,,
softdis,pdbflex,exact,6gdv_C,6gduA,133,133,sequence,,,,
softdis,pdbflex,exact,4oml_A,4omlA,78,78,sequence,,,,
softdis,pdbflex,exact,3pnb_A,3nbkD,177,177,sequence,,,,
softdis,pdbflex,exact,5zrp_A,5zrkA,150,150,sequence,,,,
softdis,pdbflex,exact,2yca_A,2y5nB,417,417,sequence,,,,
softdis,pdbflex,exact,5u0i_A,5u0iB,140,140,sequence,,,,
softdis,pdbflex,exact,4yif_A,4yifB,164,164,sequence,,,,
softdis,pdbflex,exact,4l0e_A,4l0eA,446,446,sequence,,,,
softdis,pdbflex,exact,3zqp_A,3zqqC,164,164,sequence,,,,
softdis,pdbflex,exact,3ded_A,3dedC,113,113,sequence,,,,
softdis,pdbflex,exact,2omo_A,2omoA,124,124,sequence,,,,
softdis,pdbflex,exact,3k3s_A,3k3sA,105,105,sequence,,,,
softdis,pdbflex,exact,2cov_D,2covD,104,104,sequence,,,,
softdis,pdbflex,exact,5mp0_D,5mp0D,166,166,sequence,,,,
softdis,pdbflex,exact,6ctd_A,6ctdA,121,121,sequence,,,,
softdis,pdbflex,exact,3tb2_A,3tb2C,220,220,sequence,,,,
softdis,pdbflex,exact,4b04_C,4hrfA,160,160,sequence,,,,
softdis,pdbflex,exact,6g6j_A,6g6kA,94,94,sequence,,,,
softdis,pdbflex,exact,4e9m_A,4e9mA,144,144,sequence,,,,
softdis,pdbflex,exact,4n21_A,4n21C,130,130,sequence,,,,
softdis,pdbflex,exact,1n9s_J,1n9sC,93,93,sequence,,,,
softdis,pdbflex,exact,2uvn_A,2uvnA,414,414,sequence,,,,
softdis,pdbflex,exact,6fk3_A,6fk3A,536,536,sequence,,,,
softdis,pdbflex,exact,3is5_A,3is5F,285,285,sequence,,,,
softdis,pdbflex,exact,7q7c_A,6y6hA,327,327,sequence,,,,
softdis,pdbflex,exact,5ztn_A,6hdpA,429,429,sequence,,,,
softdis,pdbflex,exact,5vd1_A,5vcyA,311,311,sequence,,,,
softdis,pdbflex,exact,4kgi_A,4kgiC,223,223,sequence,,,,
softdis,pdbflex,exact,4iq1_A,4iw9B,231,231,sequence,,,,
softdis,pdbflex,exact,4ke3_A,4kdxA,229,229,sequence,,,,
softdis,pdbflex,exact,4igj_A,4kdyA,242,242,sequence,,,,
softdis,pdbflex,exact,4onx_A,4onxE,162,162,sequence,,,,
softdis,pdbflex,exact,4nea_A,4neaA,520,520,sequence,,,,
softdis,pdbflex,exact,4dxe_H,4dxeI,101,101,sequence,,,,
softdis,pdbflex,exact,4dxe_A,4jm7A,143,143,sequence,,,,
softdis,pdbflex,exact,3mlf_A,3mlfA,111,111,sequence,,,,
softdis,pdbflex,exact,4btj_A,4btmB,337,337,sequence,,,,
softdis,pdbflex,exact,3qmb_A,3qmbA,79,79,sequence,,,,
softdis,pdbflex,exact,3t64_A,3t64A,181,181,sequence,,,,
softdis,pdbflex,exact,6aso_G,4c92G,115,115,sequence,,,,
softdis,pdbflex,exact,4nmj_B,5ekcE,491,491,sequence,,,,
softdis,pdbflex,exact,1jxg_B,1jxgA,100,100,sequence,,,,
softdis,pdbflex,exact,4lfm_D,4lfkB,172,172,sequence,,,,
softdis,pdbflex,exact,1f7n_B,1f7rA,136,136,sequence,,,,
softdis,pdbflex,exact,2xj3_A,2xiuA,66,66,sequence,,,,
softdis,pdbflex,exact,4nyo_A,4nyoA,102,102,sequence,,,,
softdis,pdbflex,exact,1wnr_A,1wnrG,94,94,sequence,,,,
softdis,pdbflex,exact,2rgx_A,4ikeA,206,206,sequence,,,,
softdis,pdbflex,exact,3oft_A,3ofuA,396,396,sequence,,,,
softdis,pdbflex,exact,2djw_I,2djwA,92,92,sequence,,,,
softdis,pdbflex,exact,3gtj_J,4c3jJ,70,70,sequence,,,,
softdis,pdbflex,exact,4p78_A,4p7dB,143,143,sequence,,,,
softdis,pdbflex,exact,1fse_A,1fseB,74,74,sequence,,,,
softdis,pdbflex,exact,4u9g_B,4u9gA,187,187,sequence,,,,
softdis,pdbflex,exact,2cx3_A,4gqfA,164,164,sequence,,,,
softdis,pdbflex,exact,5y63_A,5y63A,183,183,sequence,,,,
softdis,pdbflex,exact,4jvz_A,4jvzC,99,99,sequence,,,,
softdis,pdbflex,exact,4s04_A,4s05A,232,232,sequence,,,,
softdis,pdbflex,exact,2rcf_A,2rcfA,91,91,sequence,,,,
softdis,pdbflex,exact,5cfi_A,5cfiA,152,152,sequence,,,,
softdis,pdbflex,exact,1fr3_H,1fr3A,67,67,sequence,,,,
softdis,pdbflex,exact,1fvr_A,1fvrB,327,327,sequence,,,,
softdis,pdbflex,exact,6ebb_A,6ebbA,120,120,sequence,,,,
softdis,pdbflex,exact,3f72_A,3f72B,122,122,sequence,,,,
softdis,pdbflex,exact,7x9o_A,3a6tA,129,129,sequence,,,,
softdis,pdbflex,exact,2hd3_A,2hd3B,103,103,sequence,,,,
softdis,pdbflex,exact,6ny6_Y,2a6sB,84,84,sequence,,,,
softdis,pdbflex,exact,2r2v_A,2r2vA,34,34,sequence,,,,
softdis,pdbflex,exact,2q73_A,2q73C,100,100,sequence,,,,
softdis,pdbflex,exact,2zv3_A,2zv3B,115,115,sequence,,,,
softdis,pdbflex,exact,6j75_A,6j76A,488,488,sequence,,,,
softdis,pdbflex,exact,5hbl_A,5hblA,127,127,sequence,,,,
softdis,pdbflex,exact,5l90_A,5l91A,410,410,sequence,,,,
softdis,pdbflex,exact,1o9r_A,1o9rA,162,162,sequence,,,,
softdis,pdbflex,exact,1nwx_4,3dll4,37,37,sequence,,,,
softdis,pdbflex,exact,3nfd_A,3nfdE,153,153,sequence,,,,
softdis,pdbflex,exact,5cfk_E,5cfkA,259,259,sequence,,,,
softdis,pdbflex,exact,4fg9_A,4fgbA,320,320,sequence,,,,
softdis,pdbflex,exact,3o6u_A,3o6uA,128,128,sequence,,,,
softdis,pdbflex,exact,1i85_B,1i85A,110,110,sequence,,,,
softdis,pdbflex,exact,6gbq_A,6gbqA,71,71,sequence,,,,
softdis,pdbflex,exact,3mop_D,3mopA,110,110,sequence,,,,
softdis,pdbflex,exact,6aso_D,4m7dG,93,93,sequence,,,,
softdis,pdbflex,exact,3b83_A,3b83C,100,100,sequence,,,,
softdis,pdbflex,exact,2w8b_C,2w8bG,118,118,sequence,,,,
softdis,pdbflex,exact,5l37_A,5l37C,95,95,sequence,,,,
softdis,pdbflex,exact,5yna_A,5ynhA,1102,1102,sequence,,,,
softdis,pdbflex,exact,3e0o_A,3e0oA,144,144,sequence,,,,
softdis,pdbflex,exact,5mki_B,5mknd,72,72,sequence,,,,
softdis,pdbflex,exact,4i5m_A,4i6bA,308,308,sequence,,,,
softdis,pdbflex,exact,6hde_C,6hdeB,152,152,sequence,,,,
softdis,pdbflex,exact,5agc_A,3q66A,264,264,sequence,,,,
softdis,pdbflex,exact,4yg1_A,4yg1A,72,72,sequence,,,,
softdis,pdbflex,exact,4j6b_A,4jbtA,410,410,sequence,,,,
softdis,pdbflex,exact,8or9_A,3rchA,480,480,sequence,,,,
softdis,pdbflex,exact,3sja_C,3sjaC,65,65,sequence,,,,
softdis,pdbflex,exact,6d3k_B,6d3kA,323,323,sequence,,,,
softdis,pdbflex,exact,1p78_A,1p71A,94,94,sequence,,,,
softdis,pdbflex,exact,4uhs_A,4uhkA,136,136,sequence,,,,
softdis,pdbflex,exact,6e7d_A,6e7dE,124,124,sequence,,,,
softdis,pdbflex,exact,2of5_H,2of5H,118,118,sequence,,,,
softdis,pdbflex,exact,4wqq_A,4wqqA,141,141,sequence,,,,
softdis,pdbflex,exact,1ojh_A,1ojhD,65,65,sequence,,,,
softdis,pdbflex,exact,6thh_A,6expF,104,104,sequence,,,,
softdis,pdbflex,exact,6nxv_A,6nv6B,207,207,sequence,,,,
softdis,pdbflex,exact,6ht6_A,6gibB,245,245,sequence,,,,
softdis,pdbflex,exact,5b6m_A,5b6nF,224,224,sequence,,,,
softdis,pdbflex,exact,5j7k_A,5j7kB,99,99,sequence,,,,
softdis,pdbflex,exact,3akj_A,3akkA,325,325,sequence,,,,
softdis,pdbflex,exact,1d5w_B,1dckB,126,126,sequence,,,,
softdis,pdbflex,exact,6e55_A,6e55A,90,90,sequence,,,,
softdis,pdbflex,exact,1dok_A,1dokA,77,77,sequence,,,,
softdis,pdbflex,exact,4zm0_A,3k33C,73,73,sequence,,,,
softdis,pdbflex,exact,3lyv_E,3lyvA,66,66,sequence,,,,
softdis,pdbflex,exact,1uxt_A,1uxpA,501,501,sequence,,,,
softdis,pdbflex,exact,3mli_A,3mliD,100,100,sequence,,,,
softdis,pdbflex,exact,1pqf_B,1pqfA,143,143,sequence,,,,
softdis,pdbflex,exact,3nmd_A,3nmdA,72,72,sequence,,,,
softdis,pdbflex,exact,1zg5_E,1je8E,82,82,sequence,,,,
softdis,pdbflex,exact,1sf8_A,1sf8G,126,126,sequence,,,,
softdis,pdbflex,exact,6g47_A,6g47A,209,209,sequence,,,,
softdis,pdbflex,exact,1kkl_H,1kklJ,100,100,sequence,,,,
softdis,pdbflex,exact,4y00_A,4y00A,103,103,sequence,,,,
softdis,pdbflex,exact,1w89_A,1w4vA,119,119,sequence,,,,
softdis,pdbflex,exact,3nd5_A,3nd5A,171,171,sequence,,,,
softdis,pdbflex,exact,6nf3_A,6dxrB,83,83,sequence,,,,
softdis,pdbflex,exact,2rfb_A,2rfbA,343,343,sequence,,,,
softdis,pdbflex,exact,1fte_B,1fthA,122,122,sequence,,,,
softdis,pdbflex,exact,1orj_A,1orjA,130,130,sequence,,,,
softdis,pdbflex,exact,4wk8_G,3qrfF,82,82,sequence,,,,
softdis,pdbflex,exact,4oxb_A,1qmtA,134,134,sequence,,,,
softdis,pdbflex,exact,3kfu_B,3kfuC,422,422,sequence,,,,
softdis,pdbflex,exact,1pht_A,1phtA,85,85,sequence,,,,
softdis,pdbflex,exact,2rgz_A,2qppB,264,264,sequence,,,,
softdis,pdbflex,exact,1k9a_A,1k9aB,450,450,sequence,,,,
softdis,pdbflex,exact,6f70_A,6f70A,252,252,sequence,,,,
softdis,pdbflex,exact,4e2i_4,4e2i2,78,78,sequence,,,,
softdis,pdbflex,exact,2c41_A,2c41C,158,158,sequence,,,,
softdis,pdbflex,exact,2q27_A,2q28A,564,564,sequence,,,,
softdis,pdbflex,exact,6q5v_A,6q5vA,215,215,sequence,,,,
softdis,pdbflex,exact,5hry_A,5hryH,169,169,sequence,,,,
softdis,pdbflex,exact,1r1u_A,1r1uC,106,106,sequence,,,,
softdis,pdbflex,exact,4zbd_A,4zb8A,222,222,sequence,,,,
softdis,pdbflex,exact,1g6w_A,1g6wD,261,261,sequence,,,,
softdis,pdbflex,exact,3aln_A,3aloA,327,327,sequence,,,,
softdis,pdbflex,exact,1qmp_A,1qmpA,130,130,sequence,,,,
softdis,pdbflex,exact,1gut_C,1gunA,68,68,sequence,,,,
softdis,pdbflex,exact,5xjr_G,3pgwG,76,76,sequence,,,,
softdis,pdbflex,exact,2gv5_A,3fwbA,161,161,sequence,,,,
softdis,pdbflex,exact,3pr8_B,3lxzA,229,229,sequence,,,,
softdis,pdbflex,exact,3lte_M,3lteD,132,132,sequence,,,,
softdis,pdbflex,exact,3cw1_F,3pgwF,86,86,sequence,,,,
softdis,pdbflex,exact,2qzj_A,2qzjA,136,136,sequence,,,,
softdis,pdbflex,exact,2zub_A,2zucB,324,324,sequence,,,,
softdis,pdbflex,exact,1wg0_A,1wg0A,243,243,sequence,,,,
softdis,pdbflex,exact,5tbk_I,5tbkI,421,421,sequence,,,,
softdis,pdbflex,exact,5e1r_A,5e1rC,426,426,sequence,,,,
softdis,pdbflex,exact,5jp5_A,5jp5D,145,145,sequence,,,,
softdis,pdbflex,exact,3c3i_B,3c3iB,141,141,sequence,,,,
softdis,pdbflex,exact,6bay_A,6bapA,515,515,sequence,,,,
softdis,pdbflex,exact,6iya_A,6iyaF,66,66,sequence,,,,
softdis,pdbflex,exact,1tk6_B,1tkpA,182,182,sequence,,,,
softdis,pdbflex,exact,2qq4_B,2qq4A,138,138,sequence,,,,
softdis,pdbflex,exact,4ox8_A,4ox8A,128,128,sequence,,,,
softdis,pdbflex,exact,6scf_G,6scfF,138,138,sequence,,,,
softdis,pdbflex,exact,3vp8_B,3vp8B,92,92,sequence,,,,
softdis,pdbflex,exact,4g46_A,6geqA,396,396,sequence,,,,
softdis,pdbflex,exact,3ffu_A,3ffuA,153,153,sequence,,,,
softdis,pdbflex,exact,2of5_A,2of5A,114,114,sequence,,,,
softdis,pdbflex,exact,2yjk_G,2yjkC,161,161,sequence,,,,
softdis,pdbflex,exact,4b09_A,4b09A,240,240,sequence,,,,
softdis,pdbflex,exact,6dv5_B,6dv5A,205,205,sequence,,,,
softdis,pdbflex,exact,1d1q_A,1d1qA,161,161,sequence,,,,
softdis,pdbflex,exact,1owf_B,1owfB,94,94,sequence,,,,
softdis,pdbflex,exact,2wal_A,2walA,159,159,sequence,,,,
softdis,pdbflex,exact,1wov_A,1wowA,250,250,sequence,,,,
softdis,pdbflex,exact,5ft8_U,5ft8B,154,154,sequence,,,,
softdis,pdbflex,exact,3tyw_A,3tywD,417,417,sequence,,,,
softdis,pdbflex,exact,3pqj_A,3pqkB,102,102,sequence,,,,
softdis,pdbflex,exact,1veq_B,1veiA,183,183,sequence,,,,
softdis,pdbflex,exact,4xjk_D,4xjkD,114,114,sequence,,,,
softdis,pdbflex,exact,4wxa_B,4wx8B,94,94,sequence,,,,
softdis,pdbflex,exact,5li6_A,5lieB,414,414,sequence,,,,
softdis,pdbflex,exact,5iuu_A,5iuwA,497,497,sequence,,,,
softdis,pdbflex,exact,5hk3_A,5hkcA,114,114,sequence,,,,
softdis,pdbflex,exact,5j7d_A,5j7dA,112,112,sequence,,,,
softdis,pdbflex,exact,5cba_E,4zaiA,88,88,sequence,,,,
softdis,pdbflex,exact,6f05_B,6ezyB,215,215,sequence,,,,
softdis,pdbflex,exact,4ivf_F,4ivfF,231,231,sequence,,,,
softdis,pdbflex,exact,1rp3_D,1rp3B,88,88,sequence,,,,
softdis,pdbflex,exact,1szp_A,1szpA,321,321,sequence,,,,
softdis,pdbflex,exact,2d00_C,2d00A,109,109,sequence,,,,
softdis,pdbflex,exact,1mo1_A,1mo1B,87,87,sequence,,,,
softdis,pdbflex,exact,5wt6_A,5wt6A,401,401,sequence,,,,
softdis,pdbflex,exact,5cqx_A,5cqxB,119,119,sequence,,,,
softdis,pdbflex,exact,6rtr_A,6rtsA,512,512,sequence,,,,
softdis,pdbflex,exact,2cvi_A,2cviA,83,83,sequence,,,,
softdis,pdbflex,exact,2htm_E,2cu3B,64,64,sequence,,,,
softdis,pdbflex,exact,4x09_A,6enpA,128,128,sequence,,,,
softdis,pdbflex,exact,3bid_H,3bidE,64,64,sequence,,,,
softdis,pdbflex,exact,3ahp_A,3ahpB,108,108,sequence,,,,
softdis,pdbflex,exact,4i7a_B,4i7aD,95,95,sequence,,,,
softdis,pdbflex,exact,3nel_A,3nenA,438,438,sequence,,,,
softdis,pdbflex,exact,3hz2_A,5ht9A,84,84,sequence,,,,
softdis,pdbflex,exact,3zdm_C,3zdmC,81,81,sequence,,,,
softdis,pdbflex,exact,2was_A,2watA,122,122,sequence,,,,
softdis,pdbflex,exact,5d9z_B,5d9zB,112,112,sequence,,,,
softdis,pdbflex,exact,5f2q_C,5f2qB,135,135,sequence,,,,
softdis,pdbflex,exact,5hiy_A,5hiyB,114,114,sequence,,,,
softdis,pdbflex,exact,4icu_A,4icvA,85,85,sequence,,,,
softdis,pdbflex,exact,1qfv_B,1qftA,175,175,sequence,,,,
softdis,pdbflex,exact,4zka_A,4zkaA,100,100,sequence,,,,
softdis,pdbflex,exact,3zxf_A,3zxfB,138,138,sequence,,,,
softdis,pdbflex,exact,2hyi_B,2hyiB,91,91,sequence,,,,
softdis,pdbflex,exact,5c6h_T,5c6hD,26,26,sequence,,,,
softdis,pdbflex,exact,3lnx_A,3lnxA,96,96,sequence,,,,
softdis,pdbflex,exact,2w10_A,2w10B,62,62,sequence,,,,
softdis,pdbflex,exact,6pce_A,6pceB,70,70,sequence,,,,
softdis,pdbflex,exact,1bt6_B,1a4pA,96,96,sequence,,,,
softdis,pdbflex,exact,2rjv_A,2rjvA,67,67,sequence,,,,
softdis,pdbflex,exact,2vut_I,2vusM,43,43,sequence,,,,
softdis,pdbflex,exact,2x7a_K,2x7aA,61,61,sequence,,,,
softdis,pdbflex,exact,1cxa_A,1l9jC,124,124,sequence,,,,
softdis,pdbflex,exact,6mtj_D,6mtnD,134,134,sequence,,,,
softdis,pdbflex,exact,3ghg_B,3ghgB,461,461,sequence,,,,
softdis,pdbflex,exact,1do5_A,1do5A,154,154,sequence,,,,
softdis,pdbflex,exact,1ehd_A,1ehhA,89,89,sequence,,,,
softdis,pdbflex,exact,4jur_I,4hfkB,105,105,sequence,,,,
softdis,pdbflex,exact,1rrp_C,1rrpA,204,204,sequence,,,,
softdis,pdbflex,exact,4z6y_C,4z6yH,56,56,sequence,,,,
softdis,pdbflex,exact,5vbf_A,5vbfA,478,478,sequence,,,,
softdis,pdbflex,exact,3p6y_C,3p5tM,90,90,sequence,,,,
softdis,pdbflex,exact,3ebx_A,6ebxA,62,62,sequence,,,,
softdis,pdbflex,exact,1gd2_E,1gd2E,70,70,sequence,,,,
softdis,pdbflex,exact,1ilr_1,1ilr1,152,152,sequence,,,,
softdis,pdbflex,exact,3tl8_A,3tl8D,349,349,sequence,,,,
softdis,pdbflex,exact,2b7j_A,2b7jB,200,200,sequence,,,,
softdis,pdbflex,exact,4fhq_A,4rsuJ,134,134,sequence,,,,
softdis,pdbflex,exact,5anr_B,4ct4B,378,378,sequence,,,,
softdis,pdbflex,exact,4cyb_A,4cybJ,173,173,sequence,,,,
softdis,pdbflex,exact,4lop_K,4loqL,29,29,sequence,,,,
softdis,pdbflex,exact,2fjc_A,2fjcB,156,156,sequence,,,,
softdis,pdbflex,exact,5eki_A,5ekiE,79,79,sequence,,,,
softdis,pdbflex,exact,3nm9_A,3nm9A,73,73,sequence,,,,
softdis,pdbflex,exact,1is6_A,1is3A,135,135,sequence,,,,
softdis,pdbflex,exact,4auv_A,4auvA,35,35,sequence,,,,
softdis,pdbflex,exact,6uci_A,6uciD,68,68,sequence,,,,
softdis,pdbflex,exact,5izs_A,5izsC,95,95,sequence,,,,
softdis,pdbflex,exact,6upp_A,6pryA,150,150,sequence,,,,
softdis,pdbflex,exact,4ezm_L,4gkoL,143,143,sequence,,,,
softdis,pdbflex,exact,6uv0_A,6uv1A,448,448,sequence,,,,
softdis,pdbflex,exact,1ytt_A,1msbA,115,115,sequence,,,,
softdis,pdbflex,exact,2jg7_A,2jg7A,510,510,sequence,,,,
softdis,pdbflex,exact,6flw_A,6flwA,144,144,sequence,,,,
softdis,pdbflex,exact,2vzc_A,2vzcA,131,131,sequence,,,,
softdis,pdbflex,exact,2gm3_A,2gm3A,175,175,sequence,,,,
softdis,pdbflex,exact,1per_L,2or1L,69,69,sequence,,,,
softdis,pdbflex,exact,2yf2_A,2yf2C,65,65,sequence,,,,
softdis,pdbflex,exact,4n6m_A,4n6mA,132,132,sequence,,,,
softdis,pdbflex,exact,5j0l_A,5j0lA,141,141,sequence,,,,
softdis,pdbflex,exact,4w7y_A,4w7yA,64,64,sequence,,,,
softdis,pdbflex,exact,5e1y_A,5e1yA,95,95,sequence,,,,
softdis,pdbflex,exact,5mkx_B,5fe6B,119,119,sequence,,,,
softdis,pdbflex,exact,6p17_B,6p1eB,123,123,sequence,,,,
softdis,pdbflex,exact,5or8_A,4qbmA,106,106,sequence,,,,
softdis,pdbflex,exact,3cbl_A,3bkbA,377,377,sequence,,,,
softdis,pdbflex,exact,6el8_A,6el8A,99,99,sequence,,,,
softdis,pdbflex,exact,4fr4_A,4fr4A,384,384,sequence,,,,
softdis,pdbflex,exact,6cd6_A,6cd6D,290,290,sequence,,,,
softdis,pdbflex,exact,2gjs_A,2gjsA,176,176,sequence,,,,
softdis,pdbflex,exact,2x18_E,2x18E,119,119,sequence,,,,
softdis,pdbflex,exact,4q0o_A,3g0jA,124,124,sequence,,,,
softdis,pdbflex,exact,2uzc_B,2uzcC,88,88,sequence,,,,
softdis,pdbflex,exact,3l9v_A,3l9vA,189,189,sequence,,,,
softdis,pdbflex,exact,5y5o_A,5y5pD,174,174,sequence,,,,
softdis,pdbflex,exact,6u8j_B,6u8jD,376,376,sequence,,,,
softdis,pdbflex,exact,5kko_A,5kkoC,55,55,sequence,,,,
softdis,pdbflex,exact,3ref_B,3refB,194,194,sequence,,,,
softdis,pdbflex,exact,4mpo_B,4mpoB,153,153,sequence,,,,
softdis,pdbflex,exact,6c43_B,6c43A,477,477,sequence,,,,
softdis,pdbflex,exact,3lus_A,3lusB,148,148,sequence,,,,
softdis,pdbflex,exact,4rqm_A,4rqmA,71,71,sequence,,,,
softdis,pdbflex,exact,1psr_A,1psrA,100,100,sequence,,,,
softdis,pdbflex,exact,1gxp_A,1gxqA,106,106,sequence,,,,
softdis,pdbflex,exact,4rkg_A,4rkhD,52,52,sequence,,,,
softdis,pdbflex,exact,2fjy_A,2fjyB,142,142,sequence,,,,
softdis,pdbflex,exact,5xpb_D,5xpcB,100,100,sequence,,,,
softdis,pdbflex,exact,5njk_E,5njkA,156,156,sequence,,,,
softdis,pdbflex,exact,4n4n_B,4n4oD,57,57,sequence,,,,
softdis,pdbflex,exact,3o22_A,3o2yA,162,162,sequence,,,,
softdis,pdbflex,exact,2aib_A,2a8fA,98,98,sequence,,,,
softdis,pdbflex,exact,2wc6_A,2wcmA,141,141,sequence,,,,
softdis,pdbflex,exact,5tzn_A,5tznA,137,137,sequence,,,,
softdis,pdbflex,exact,3eje_H,3ejbH,404,404,sequence,,,,
softdis,pdbflex,exact,1mav_A,1m5tA,124,124,sequence,,,,
softdis,pdbflex,exact,4bdt_B,1fssB,61,61,sequence,,,,
softdis,pdbflex,exact,1nob_A,1nobA,185,185,sequence,,,,
softdis,pdbflex,exact,5lxo_F,5lxoC,81,81,sequence,,,,
softdis,pdbflex,exact,4zcu_A,4zcvA,165,165,sequence,,,,
softdis,pdbflex,exact,4tum_A,4tumA,132,132,sequence,,,,
softdis,pdbflex,exact,6fer_A,6ferD,309,309,sequence,,,,
softdis,pdbflex,exact,2pqs_A,2pqsA,159,159,sequence,,,,
softdis,pdbflex,exact,1i5k_C,1i5kC,30,30,sequence,,,,
softdis,pdbflex,exact,4lxr_J,3e07A,114,114,sequence,,,,
softdis,pdbflex,exact,5zjr_A,5zjrA,84,84,sequence,,,,
softdis,pdbflex,exact,4aei_A,4aeiA,65,65,sequence,,,,
softdis,pdbflex,exact,3pqa_A,3pqaB,486,486,sequence,,,,
softdis,pdbflex,exact,6ifb_A,6ifbB,135,135,sequence,,,,
softdis,pdbflex,exact,1qiu_A,1qiuA,264,264,sequence,,,,
softdis,pdbflex,exact,2ibz_H,1kb9F,74,74,sequence,,,,
softdis,pdbflex,exact,3zie_A,3zieB,86,86,sequence,,,,
softdis,pdbflex,exact,2pr0_A,2pr0A,94,94,sequence,,,,
softdis,pdbflex,exact,4txo_D,4txoD,175,175,sequence,,,,
softdis,pdbflex,exact,1pal_A,1pvbA,108,108,sequence,,,,
softdis,atlas,exact,1d4t_A,1d4t_A,104,104,id,,,,
softdis,atlas,exact,1fd3_A,1fd3_A,41,41,id,,,,
softdis,atlas,exact,2aib_A,2aib_A,98,98,id,,,,
softdis,atlas,exact,2qq4_B,2qq4_B,138,138,id,,,,
softdis,atlas,exact,2vzc_A,2vzc_A,131,131,id,,,,
softdis,atlas,exact,2y20_A,2y20_A,58,58,id,,,,
softdis,atlas,exact,5ii7_A,5ii7_A,138,138,id,,,,
softdis,atlas,exact,2f5z_K,2f60_K,64,64,sequence,,,,
softdis,atlas,exact,2x5h_A,2x5h_B,97,97,sequence,,,,
softdis,atlas,exact,1bq9_A,1bq8_A,54,54,sequence,,,,
softdis,atlas,exact,1bi1_A,2dtr_A,226,226,sequence,,,,
softdis,atlas,exact,6ny6_Y,2a6s_B,84,84,sequence,,,,
softdis,atlas,exact,7n1n_A,6cka_B,68,68,sequence,,,,
softdis,atlas,exact,1ojh_A,1ojh_C,65,65,sequence,,,,
softdis,atlas,exact,6pce_A,6pce_B,70,70,sequence,,,,
softdis,atlas,exact,2rjv_A,2rjw_A,67,67,sequence,,,,
softdis,atlas,exact,5kko_A,5kko_D,55,55,sequence,,,,
softdis,plddt,exact,2f9d_A,DP01458,125,125,sequence,,,,
softdis,plddt,exact,3a9x_A,DP00620,432,432,sequence,,,,
softdis,plddt,exact,4ora_B,DP00565,170,170,sequence,,,,
softdis,plddt,exact,6aso_G,DP01261,115,115,sequence,,,,
softdis,plddt,exact,2bjd_A,DP00513,101,101,sequence,,,,
softdis,plddt,exact,5agc_A,DP02908,264,264,sequence,,,,
softdis,plddt,exact,2vsx_A,DP02562,395,395,sequence,,,,
softdis,plddt,exact,8enj_A,DP02328,464,464,sequence,,,,
softdis,plddt,exact,1cm8_A,DP03366,367,367,sequence,,,,
softdis,plddt,exact,1rp3_D,DP01092,88,88,sequence,,,,
softdis,disprot,exact,4mtd_A,DP04103,171,170,sequence,,,,
softdis,disprot,exact,6k4k_A,DP04397,873,757,sequence,,,,
softdis,disprot,exact,4yt3_A,DP04038,410,407,sequence,,,,
softdis,disprot,exact,3akj_A,DP04385,325,296,sequence,,,,
softdis,disprot,exact,8bbk_J,DP03988,136,136,sequence,,,,
softdis,disprot,exact,2q27_A,DP03810,564,560,sequence,,,,
softdis,disprot,exact,3gj9_A,DP04287,124,124,sequence,,,,
softdis,disprot,exact,6dv5_B,DP04262,205,192,sequence,,,,
pdbflex,atlas,exact,1btkB,1btk_A,169,169,sequence,,,,
pdbflex,atlas,exact,3bqpA,3bqp_B,80,80,sequence,,,,
pdbflex,atlas,exact,2f60K,2f60_K,64,64,sequence,,,,
pdbflex,atlas,exact,2x5hD,2x5h_B,97,97,sequence,,,,
pdbflex,atlas,exact,3vy7A,3apa_A,141,141,sequence,,,,
pdbflex,atlas,exact,1x6iA,1x6i_A,91,91,sequence,,,,
pdbflex,atlas,exact,1x6iA,1x6j_A,91,91,sequence,,,,
pdbflex,atlas,exact,2y20C,2y20_A,58,58,sequence,,,,
pdbflex,atlas,exact,2fygA,2fyg_A,128,128,sequence,,,,
pdbflex,atlas,exact,1d4tA,1d4t_A,104,104,sequence,,,,
pdbflex,atlas,exact,2fzpA,2fzp_A,144,144,sequence,,,,
pdbflex,atlas,exact,2a6sB,2a6s_B,84,84,sequence,,,,
pdbflex,atlas,exact,1ojhD,1ojh_C,65,65,sequence,,,,
pdbflex,atlas,exact,5hudE,5hub_A,90,90,sequence,,,,
pdbflex,atlas,exact,2qq4A,2qq4_B,138,138,sequence,,,,
pdbflex,atlas,exact,6pceB,6pce_B,70,70,sequence,,,,
pdbflex,atlas,exact,2rjvA,2rjw_A,67,67,sequence,,,,
pdbflex,atlas,exact,5mr3E,2lis_A,136,136,sequence,,,,
pdbflex,atlas,exact,2vzcA,2vzc_A,131,131,sequence,,,,
pdbflex,atlas,exact,3h93A,3h93_A,192,192,sequence,,,,
pdbflex,atlas,exact,5kkoC,5kko_D,55,55,sequence,,,,
pdbflex,atlas,exact,3hvvA,3hvv_A,167,167,sequence,,,,
pdbflex,atlas,exact,2a8fA,2aib_A,98,98,sequence,,,,
pdbflex,atlas,exact,1jxtA,1ab1_A,46,46,sequence,,,,
pdbflex,atlas,exact,2hnuA,2hnu_A,81,81,sequence,,,,
pdbflex,plddt,exact,3a9zA,DP00620,432,432,sequence,,,,
pdbflex,plddt,exact,4emgA,DP02065,93,93,sequence,,,,
pdbflex,plddt,exact,4c92G,DP01261,115,115,sequence,,,,
pdbflex,plddt,exact,3q66A,DP02908,264,264,sequence,,,,
pdbflex,plddt,exact,1j1cB,DP00385,420,420,sequence,,,,
pdbflex,plddt,exact,1rp3B,DP01092,88,88,sequence,,,,
pdbflex,disprot,exact,2gwoC,DP03897,198,198,sequence,,,,
pdbflex,disprot,exact,4mteD,DP04103,171,170,sequence,,,,
pdbflex,disprot,exact,6oqqA,DP04397,873,757,sequence,,,,
pdbflex,disprot,exact,3akkA,DP04385,325,296,sequence,,,,
pdbflex,disprot,exact,2ougA,DP03913,162,162,sequence,,,,
pdbflex,disprot,exact,2q28A,DP03810,564,560,sequence,,,,
pdbflex,disprot,exact,6dv5A,DP04262,205,192,sequence,,,,
atlas,plddt,exact,3f0o_B,DP00575,212,212,sequence,,,,
atlas,plddt,exact,3f0p_A,DP00575,212,212,sequence,,,,
