strategy,mean_score,mean_delta_vs_best_individual,wins_vs_best_individual,ties_vs_best_individual,losses_vs_best_individual,best_delta,worst_delta
best_individual_test_oracle,0.7131302431225777,0.0,0,8,0,0.0,0.0
simple_mean_all_heads,0.6091996217146516,-0.10393062140792608,0,0,8,-0.0016664862632751465,-0.2932257875800133
validation_selected_single_head,0.7110541611909866,-0.002076081931591034,0,7,1,0.0,-0.01660865545272827
ceiling_aware_selected_single_head,0.7110541611909866,-0.002076081931591034,0,7,1,0.0,-0.01660865545272827
global_convex_validation,0.6018356643617153,-0.11129457876086235,0,0,8,-2.771615982055664e-05,-0.2920374870300293
per_target_convex_validation,0.7111920788884163,-0.001938164234161377,4,3,1,0.0006268024444580078,-0.016624093055725098
per_target_ceiling_aware_validation,0.6656888946890831,-0.04744134843349457,1,1,6,9.894371032714844e-06,-0.17383503913879395
global_ridge_stacking_validation,-0.25073385797441006,-0.9638641010969877,0,0,8,-0.5180198103189468,-1.4328546524047852
per_target_ridge_stacking_validation,0.7109389491379261,-0.0021912939846515656,3,0,5,0.03855469822883606,-0.04848760366439819
