15678_1_1_1	15678_1_1_1
27247_1_1_1	27247_1_1_1
17131_1_1_1	17131_1_1_1
17131_1_1_1	18261_1_1_1
17131_1_1_1	18262_1_1_1
17131_1_1_1	50972_1_1_1
17131_1_1_1	50353_1_1_1
52726_1_1_1	52726_1_1_1
16155_1_1_1	16155_1_1_1
18692_1_1_1	18692_1_1_1
17651_1_1_1	17651_1_1_1
16521_1_1_1	16521_1_1_1
16647_1_1_1	16647_1_1_1
19558_1_1_1	19558_1_1_1
18081_1_1_1	18081_1_1_1
34657_1_1_1	34657_1_1_1
16874_1_1_1	16874_1_1_1
18253_1_1_1	18253_1_1_1
18829_1_1_1	18829_1_1_1
15517_1_1_1	15517_1_1_1
17633_1_1_1	17633_1_1_1
50676_1_1_1	50676_1_1_1
18811_1_1_1	18811_1_1_1
19067_1_1_1	19067_1_1_1
19530_1_1_1	19530_1_1_1
27989_1_1_1	27989_1_1_1
27400_1_1_1	27400_1_1_1
27055_1_1_1	27055_1_1_1
34322_1_1_1	34322_1_1_1
51994_1_1_1	51994_1_1_1
52545_1_1_1	52545_1_1_1
52640_1_1_1	52640_1_1_1
16690_1_1_1	16690_1_1_1
50445_1_1_1	50445_1_1_1
27127_1_1_1	27127_1_1_1
11260_1_1_1	11260_1_1_1
10275_1_1_1	10275_1_1_1
11160_1_1_1	11160_1_1_1
11304_1_1_1	11304_1_1_1
11105_1_1_1	11105_1_1_1
25590_1_1_1	25590_1_1_1
25590_1_1_1	34383_1_1_1
25590_1_1_1	34281_1_1_1
25976_1_1_1	25976_1_1_1
18341_1_1_1	18341_1_1_1
25240_1_1_1	25240_1_1_1
15846_1_1_1	15846_1_1_1
17723_1_1_1	17723_1_1_1
19881_1_1_1	19881_1_1_1
19881_1_1_1	19714_1_1_1
27313_1_1_1	27313_1_1_1
15369_1_1_1	15369_1_1_1
15011_1_1_1	15011_1_1_1
15011_1_1_1	15010_1_1_1
15011_1_1_1	15009_1_1_1
15011_1_1_1	15008_1_1_1
15603_1_1_1	15603_1_1_1
30802_1_1_1	30802_1_1_1
16731_1_1_1	16731_1_1_1
34011_1_1_1	34011_1_1_1
16098_1_1_1	16098_1_1_1
50725_1_1_1	50725_1_1_1
50725_1_1_1	50621_1_1_1
16545_1_1_1	16545_1_1_1
27847_1_1_1	27847_1_1_1
28132_1_1_1	28132_1_1_1
19490_1_1_1	19490_1_1_1
26723_1_1_1	26723_1_1_1
36288_1_1_1	36288_1_1_1
50963_1_1_1	50963_1_1_1
34101_1_1_1	34101_1_1_1
25040_1_1_1	25040_1_1_1
25139_1_1_1	25139_1_1_1
34549_1_1_1	34549_1_1_1
36528_1_1_1	36528_1_1_1
36528_1_1_1	36527_1_1_1
30118_1_1_1	30118_1_1_1
16389_1_1_1	16389_1_1_1
11572_1_1_1	11572_1_1_1
11572_1_1_1	11142_1_1_1
17319_1_1_1	17319_1_1_1
27952_1_1_1	27952_1_1_1
27952_1_1_1	18190_1_1_1
27952_1_1_1	50168_1_1_1
27952_1_1_1	30293_1_1_1
18089_1_1_1	18089_1_1_1
18089_1_1_1	18087_1_1_1
18089_1_1_1	17857_1_1_1
18089_1_1_1	17866_1_1_1
16066_1_1_1	16066_1_1_1
34640_1_1_1	34640_1_1_1
19110_1_1_1	19110_1_1_1
11301_1_1_1	11301_1_1_1
11124_1_1_1	11124_1_1_1
11214_1_1_1	11214_1_1_1
10273_1_1_1	10273_1_1_1
18353_1_1_1	18353_1_1_1
19800_1_1_1	19800_1_1_1
36179_1_1_1	36179_1_1_1
52498_1_1_1	52498_1_1_1
16746_1_1_1	16746_1_1_1
17530_1_1_1	17530_1_1_1
52146_1_1_1	52146_1_1_1
18562_1_1_1	18562_1_1_1
18704_1_1_1	18704_1_1_1
25805_1_1_1	25805_1_1_1
18887_1_1_1	18887_1_1_1
17204_1_1_1	17204_1_1_1
51073_1_1_1	51073_1_1_1
17275_1_1_1	17275_1_1_1
26022_1_1_1	26022_1_1_1
30821_1_1_1	30821_1_1_1
25113_1_1_1	25113_1_1_1
30551_1_1_1	30551_1_1_1
52271_1_1_1	52271_1_1_1
25665_1_1_1	25665_1_1_1
50794_1_1_1	50794_1_1_1
28109_1_1_1	28109_1_1_1
28109_1_1_1	27591_1_1_1
28109_1_1_1	27592_1_1_1
28109_1_1_1	25441_1_1_1
18045_1_1_1	18045_1_1_1
15560_1_1_1	15560_1_1_1
15560_1_1_1	17414_1_1_1
25618_1_1_1	25618_1_1_1
19632_1_1_1	19632_1_1_1
16643_1_1_1	16643_1_1_1
17827_1_1_1	17827_1_1_1
27598_1_1_1	27598_1_1_1
17305_1_1_1	17305_1_1_1
16635_1_1_1	16635_1_1_1
17105_1_1_1	17105_1_1_1
34678_1_1_1	34678_1_1_1
34925_1_1_1	34925_1_1_1
11065_1_1_1	11065_1_1_1
51094_1_1_1	51094_1_1_1
36341_1_1_1	36341_1_1_1
10149_1_1_1	10149_1_1_1
10149_1_1_1	11143_1_1_1
11096_1_1_1	11096_1_1_1
11402_1_1_1	11402_1_1_1
10324_1_1_1	10324_1_1_1
51133_1_1_1	51133_1_1_1
15943_1_1_1	15943_1_1_1
27424_1_1_1	27424_1_1_1
16380_1_1_1	16380_1_1_1
51521_1_1_1	51521_1_1_1
16890_1_1_1	16890_1_1_1
17212_1_1_1	17212_1_1_1
30527_1_1_1	30527_1_1_1
30325_1_1_1	30325_1_1_1
19044_1_1_1	19044_1_1_1
27111_1_1_1	27111_1_1_1
15334_1_1_1	15334_1_1_1
15911_1_1_1	15911_1_1_1
17863_1_1_1	17863_1_1_1
17863_1_1_1	16237_1_1_1
18387_1_1_1	18387_1_1_1
16557_1_1_1	16557_1_1_1
50907_1_1_1	50907_1_1_1
15139_1_1_1	15139_1_1_1
34202_1_1_1	34202_1_1_1
34202_1_1_1	34216_1_1_1
30569_1_1_1	30569_1_1_1
19801_1_1_1	19801_1_1_1
19801_1_1_1	17286_1_1_1
34112_1_1_1	34112_1_1_1
16676_1_1_1	16676_1_1_1
34555_1_1_1	34555_1_1_1
36521_1_1_1	36521_1_1_1
15942_1_1_1	15942_1_1_1
34839_1_1_1	34839_1_1_1
52022_1_1_1	52022_1_1_1
51239_1_1_1	51239_1_1_1
18533_1_1_1	18533_1_1_1
26011_1_1_1	26011_1_1_1
25037_1_1_1	25037_1_1_1
26780_1_1_1	26780_1_1_1
30007_1_1_1	30007_1_1_1
30007_1_1_1	34301_1_1_1
30007_1_1_1	34299_1_1_1
34462_1_1_1	34462_1_1_1
11399_1_1_1	11399_1_1_1
11399_1_1_1	34766_1_1_1
10269_1_1_1	10269_1_1_1
10193_1_1_1	10193_1_1_1
11281_1_1_1	11281_1_1_1
50091_1_1_1	50091_1_1_1
15990_1_1_1	15990_1_1_1
17507_1_1_1	17507_1_1_1
16001_1_1_1	16001_1_1_1
19302_1_1_1	19302_1_1_1
51489_1_1_1	51489_1_1_1
16267_1_1_1	16267_1_1_1
15203_1_1_1	15203_1_1_1
16835_1_1_1	16835_1_1_1
16835_1_1_1	27924_1_1_1
25819_1_1_1	25819_1_1_1
25819_1_1_1	25600_1_1_1
18548_1_1_1	18548_1_1_1
17277_1_1_1	17277_1_1_1
17952_1_1_1	17952_1_1_1
17777_1_1_1	17777_1_1_1
17768_1_1_1	17768_1_1_1
34235_1_1_1	34235_1_1_1
30469_1_1_1	30469_1_1_1
26063_1_1_1	26063_1_1_1
18292_1_1_1	18292_1_1_1
15997_1_1_1	15997_1_1_1
17405_1_1_1	17405_1_1_1
15925_1_1_1	15925_1_1_1
17149_1_1_1	17149_1_1_1
34761_1_1_1	34761_1_1_1
18235_1_1_1	18235_1_1_1
50167_1_1_1	50167_1_1_1
50167_1_1_1	52635_1_1_1
27405_1_1_1	27405_1_1_1
34586_1_1_1	34586_1_1_1
50300_1_1_1	50300_1_1_1
16618_1_1_1	16618_1_1_1
19392_1_1_1	19392_1_1_1
18753_1_1_1	18753_1_1_1
18613_1_1_1	18613_1_1_1
11244_1_1_1	11244_1_1_1
26631_1_1_1	26631_1_1_1
10025_1_1_1	10025_1_1_1
26034_1_1_1	26034_1_1_1
15828_1_1_1	15828_1_1_1
17909_1_1_1	17909_1_1_1
51503_1_1_1	51503_1_1_1
25801_1_1_1	25801_1_1_1
52017_1_1_1	52017_1_1_1
52017_1_1_1	52018_2_2_1
52017_1_1_1	25616_1_1_1
52017_1_1_1	25623_1_1_1
27851_1_1_1	27851_1_1_1
15150_1_1_1	15150_1_1_1
11525_1_1_1	11525_1_1_1
15548_1_1_1	15548_1_1_1
25515_1_1_1	25515_1_1_1
18411_1_1_1	18411_1_1_1
15530_1_1_1	15530_1_1_1
25792_1_1_1	25792_1_1_1
15863_1_1_1	15863_1_1_1
25380_1_1_1	25380_1_1_1
30559_1_1_1	30559_1_1_1
51849_1_1_1	51849_1_1_1
15007_1_1_1	15007_1_1_1
34453_1_1_1	34453_1_1_1
34453_1_1_1	30598_1_1_1
16848_1_1_1	16848_1_1_1
25289_1_1_1	25289_1_1_1
18604_1_1_1	18604_1_1_1
18346_1_1_1	18346_1_1_1
27467_1_1_1	27467_1_1_1
18691_1_1_1	18691_1_1_1
27945_1_1_1	27945_1_1_1
19757_1_1_1	19757_1_1_1
19757_1_1_1	19758_1_1_1
52730_1_1_1	52730_1_1_1
25428_1_1_1	25428_1_1_1
19220_1_1_1	19220_1_1_1
25449_1_1_1	25449_1_1_1
30321_1_1_1	30321_1_1_1
11129_1_1_1	11129_1_1_1
10271_1_1_1	10271_1_1_1
11113_1_1_1	11113_1_1_1
11137_1_1_1	11137_1_1_1
18375_1_1_1	18375_1_1_1
18124_1_1_1	18124_1_1_1
19581_1_1_1	19581_1_1_1
25020_1_1_1	25020_1_1_1
25020_1_1_1	17822_1_1_1
25020_1_1_1	25016_1_1_1
25020_1_1_1	18092_1_1_1
18779_1_1_1	18779_1_1_1
25448_1_1_1	25448_1_1_1
16272_1_1_1	16272_1_1_1
34946_1_1_1	34946_1_1_1
17374_1_1_1	17374_1_1_1
17374_1_1_1	15557_1_1_1
18373_1_1_1	18373_1_1_1
18373_1_1_1	19976_1_1_1
18373_1_1_1	25003_1_1_1
25177_1_1_1	25177_1_1_1
28092_1_1_1	28092_1_1_1
28092_1_1_1	25630_1_1_1
27767_1_1_1	27767_1_1_1
15210_1_1_1	15210_1_1_1
17736_1_1_1	17736_1_1_1
30661_1_1_1	30661_1_1_1
30661_1_1_1	16921_1_1_1
30661_1_1_1	30662_1_1_1
15341_1_1_1	15341_1_1_1
50484_1_1_1	50484_1_1_1
50683_1_1_1	50683_1_1_1
34106_1_1_1	34106_1_1_1
17196_1_1_1	17196_1_1_1
34399_1_1_1	34399_1_1_1
19342_1_1_1	19342_1_1_1
34709_1_1_1	34709_1_1_1
18707_1_1_1	18707_1_1_1
26638_1_1_1	26638_1_1_1
18794_1_1_1	18794_1_1_1
19807_1_1_1	19807_1_1_1
53124_1_1_1	53124_1_1_1
26877_1_1_1	26877_1_1_1
26877_1_1_1	26878_1_1_1
26877_1_1_1	19731_1_1_1
26877_1_1_1	17404_1_1_1
26877_1_1_1	26876_1_1_1
27616_1_1_1	27616_1_1_1
27616_1_1_1	15695_1_1_1
27616_1_1_1	10277_1_1_1
51960_1_1_1	51960_1_1_1
15148_1_1_1	15148_1_1_1
25024_1_1_1	25024_1_1_1
18801_1_1_1	18801_1_1_1
25970_1_1_1	25970_1_1_1
36546_1_1_1	36546_1_1_1
50094_1_1_1	50094_1_1_1
25728_1_1_1	25728_1_1_1
11573_1_1_1	11573_1_1_1
11125_1_1_1	11125_1_1_1
11283_1_1_1	11283_1_1_1
27532_1_1_1	27532_1_1_1
28105_1_1_1	28105_1_1_1
15787_1_1_1	15787_1_1_1
26068_1_1_1	26068_1_1_1
18854_1_1_1	18854_1_1_1
16064_1_1_1	16064_1_1_1
30458_1_1_1	30458_1_1_1
30458_1_1_1	34526_1_1_1
30458_1_1_1	25135_1_1_1
30458_1_1_1	51061_1_1_1
18196_1_1_1	18196_1_1_1
30722_1_1_1	30722_1_1_1
51236_1_1_1	51236_1_1_1
51236_1_1_1	51230_1_1_1
51236_1_1_1	51234_1_1_1
51236_1_1_1	51235_1_1_1
18939_1_1_1	18939_1_1_1
16007_1_1_1	16007_1_1_1
17766_1_1_1	17766_1_1_1
30256_1_1_1	30256_1_1_1
50148_1_1_1	50148_1_1_1
50148_1_1_1	52787_1_1_1
50148_1_1_1	52785_1_1_1
50148_1_1_1	50143_1_1_1
50148_1_1_1	52788_1_1_1
50148_1_1_1	52786_1_1_1
30985_1_1_1	30985_1_1_1
30247_1_1_1	30247_1_1_1
30926_1_1_1	30926_1_1_1
27925_1_1_1	27925_1_1_1
26569_1_1_1	26569_1_1_1
16982_1_1_1	16982_1_1_1
25636_1_1_1	25636_1_1_1
30513_1_1_1	30513_1_1_1
16439_1_1_1	16439_1_1_1
19162_1_1_1	19162_1_1_1
26642_1_1_1	26642_1_1_1
34300_1_1_1	34300_1_1_1
19225_1_1_1	19225_1_1_1
25993_1_1_1	25993_1_1_1
25993_1_1_1	16173_1_1_1
25993_1_1_1	27170_1_1_1
25993_1_1_1	18953_1_1_1
30040_1_1_1	30040_1_1_1
30418_1_1_1	30418_1_1_1
26527_1_1_1	26527_1_1_1
26901_1_1_1	26901_1_1_1
16926_1_1_1	16926_1_1_1
15566_1_1_1	15566_1_1_1
11272_1_1_1	11272_1_1_1
11110_1_1_1	11110_1_1_1
11246_1_1_1	11246_1_1_1
10129_1_1_1	10129_1_1_1
27934_1_1_1	27934_1_1_1
17646_1_1_1	17646_1_1_1
25856_1_1_1	25856_1_1_1
25856_1_1_1	31199_1_1_1
17917_1_1_1	17917_1_1_1
16919_1_1_1	16919_1_1_1
16373_1_1_1	16373_1_1_1
18257_1_1_1	18257_1_1_1
27162_1_1_1	27162_1_1_1
27162_1_1_1	27793_1_1_1
17165_1_1_1	17165_1_1_1
17165_1_1_1	25809_1_1_1
17165_1_1_1	50302_1_1_1
17165_1_1_1	17166_1_1_1
51929_1_1_1	51929_1_1_1
30943_1_1_1	30943_1_1_1
50711_1_1_1	50711_1_1_1
11595_1_1_1	11595_1_1_1
16662_1_1_1	16662_1_1_1
19235_1_1_1	19235_1_1_1
16379_1_1_1	16379_1_1_1
34155_1_1_1	34155_1_1_1
19777_1_1_1	19777_1_1_1
30969_1_1_1	30969_1_1_1
15503_1_1_1	15503_1_1_1
16879_1_1_1	16879_1_1_1
30834_1_1_1	30834_1_1_1
16236_1_1_1	16236_1_1_1
15531_1_1_1	15531_1_1_1
17028_1_1_1	17028_1_1_1
16887_1_1_1	16887_1_1_1
51382_1_1_1	51382_1_1_1
34358_1_1_1	34358_1_1_1
34358_1_1_1	34359_1_1_1
34358_1_1_1	16831_1_1_1
31015_1_1_1	31015_1_1_1
31015_1_1_1	31013_1_1_1
27347_1_1_1	27347_1_1_1
11370_1_1_1	11370_1_1_1
11370_1_1_1	19063_1_1_1
19872_1_1_1	19872_1_1_1
17018_1_1_1	17018_1_1_1
19848_1_1_1	19848_1_1_1
11453_1_1_1	11453_1_1_1
11346_1_1_1	11346_1_1_1
11284_1_1_1	11284_1_1_1
11103_1_1_1	11103_1_1_1
10161_1_1_1	10161_1_1_1
25685_1_1_1	25685_1_1_1
30782_1_1_1	30782_1_1_1
51576_1_1_1	51576_1_1_1
19193_1_1_1	19193_1_1_1
16899_1_1_1	16899_1_1_1
16899_1_1_1	17805_1_1_1
17688_1_1_1	17688_1_1_1
16154_1_1_1	16154_1_1_1
16336_1_1_1	16336_1_1_1
17447_1_1_1	17447_1_1_1
17447_1_1_1	16840_1_1_1
30161_1_1_1	30161_1_1_1
16568_1_1_1	16568_1_1_1
25668_1_1_1	25668_1_1_1
25668_1_1_1	25659_1_1_1
36154_1_1_1	36154_1_1_1
16039_1_1_1	16039_1_1_1
15587_1_1_1	15587_1_1_1
30079_1_1_1	30079_1_1_1
17433_1_1_1	17433_1_1_1
16057_1_1_1	16057_1_1_1
30404_1_1_1	30404_1_1_1
17578_1_1_1	17578_1_1_1
17578_1_1_1	17579_1_1_1
50389_1_1_1	50389_1_1_1
25952_1_1_1	25952_1_1_1
16971_1_1_1	16971_1_1_1
28017_1_1_1	28017_1_1_1
26966_1_1_1	26966_1_1_1
31136_1_1_1	31136_1_1_1
17864_1_1_1	17864_1_1_1
17864_1_1_1	16103_1_1_1
18355_1_1_1	18355_1_1_1
28040_1_1_1	28040_1_1_1
15036_1_1_1	15036_1_1_1
34163_1_1_1	34163_1_1_1
10338_1_1_1	10338_1_1_1
17420_1_1_1	17420_1_1_1
30102_1_1_1	30102_1_1_1
52556_1_1_1	52556_1_1_1
25806_1_1_1	25806_1_1_1
19687_1_1_1	19687_1_1_1
34463_1_1_1	34463_1_1_1
11138_1_1_1	11138_1_1_1
11148_1_1_1	11148_1_1_1
10263_1_1_1	10263_1_1_1
11264_1_1_1	11264_1_1_1
30170_1_1_1	30170_1_1_1
18154_1_1_1	18154_1_1_1
17137_1_1_1	17137_1_1_1
17137_1_1_1	19943_1_1_1
15599_1_1_1	15599_1_1_1
16102_1_1_1	16102_1_1_1
17092_1_1_1	17092_1_1_1
27781_1_1_1	27781_1_1_1
18130_1_1_1	18130_1_1_1
25645_1_1_1	25645_1_1_1
25645_1_1_1	30374_1_1_1
25645_1_1_1	25527_1_1_1
25645_1_1_1	27046_1_1_1
15953_1_1_1	15953_1_1_1
30423_1_1_1	30423_1_1_1
27856_1_1_1	27856_1_1_1
50790_1_1_1	50790_1_1_1
27666_1_1_1	27666_1_1_1
18729_1_1_1	18729_1_1_1
18729_1_1_1	26004_1_1_1
52459_1_1_1	52459_1_1_1
34610_1_1_1	34610_1_1_1
36418_1_1_1	36418_1_1_1
11428_1_1_1	11428_1_1_1
30842_1_1_1	30842_1_1_1
17607_1_1_1	17607_1_1_1
34022_1_1_1	34022_1_1_1
34022_1_1_1	26552_1_1_1
25404_1_1_1	25404_1_1_1
50698_1_1_1	50698_1_1_1
50698_1_1_1	34249_1_1_1
31137_1_1_1	31137_1_1_1
17266_1_1_1	17266_1_1_1
18882_1_1_1	18882_1_1_1
26010_1_1_1	26010_1_1_1
16685_1_1_1	16685_1_1_1
27850_1_1_1	27850_1_1_1
10327_1_1_1	10327_1_1_1
11417_1_1_1	11417_1_1_1
10028_1_1_1	10028_1_1_1
11144_1_1_1	11144_1_1_1
25036_1_1_1	25036_1_1_1
16312_1_1_1	16312_1_1_1
36471_1_1_1	36471_1_1_1
16354_1_1_1	16354_1_1_1
17314_1_1_1	17314_1_1_1
50714_1_1_1	50714_1_1_1
50714_1_1_1	51833_1_1_1
25166_1_1_1	25166_1_1_1
51255_1_1_1	51255_1_1_1
18565_1_1_1	18565_1_1_1
19419_1_1_1	19419_1_1_1
16942_1_1_1	16942_1_1_1
34109_1_1_1	34109_1_1_1
17597_1_1_1	17597_1_1_1
25790_1_1_1	25790_1_1_1
18621_1_1_1	18621_1_1_1
25148_1_1_1	25148_1_1_1
18223_1_1_1	18223_1_1_1
18421_1_1_1	18421_1_1_1
17913_1_1_1	17913_1_1_1
17913_1_1_1	17912_1_1_1
34719_1_1_1	34719_1_1_1
34621_1_1_1	34621_1_1_1
27241_1_1_1	27241_1_1_1
34887_1_1_1	34887_1_1_1
19251_1_1_1	19251_1_1_1
16350_1_1_1	16350_1_1_1
17865_1_1_1	17865_1_1_1
15607_1_1_1	15607_1_1_1
30005_1_1_1	30005_1_1_1
30005_1_1_1	19815_1_1_1
19211_1_1_1	19211_1_1_1
19211_1_1_1	19212_1_1_1
19211_1_1_1	19210_1_1_1
19211_1_1_1	17963_1_1_1
27690_1_1_1	27690_1_1_1
27079_1_1_1	27079_1_1_1
19244_1_1_1	19244_1_1_1
19396_1_1_1	19396_1_1_1
30756_1_1_1	30756_1_1_1
11561_1_1_1	11561_1_1_1
27477_1_1_1	27477_1_1_1
27477_1_1_1	27508_1_1_1
27477_1_1_1	27511_1_1_1
16613_1_1_1	16613_1_1_1
11057_1_1_1	11057_1_1_1
10123_1_1_1	10123_1_1_1
10123_1_1_1	18478_1_1_1
11092_1_1_1	11092_1_1_1
10262_1_1_1	10262_1_1_1
11127_1_1_1	11127_1_1_1
25499_1_1_1	25499_1_1_1
25499_1_1_1	25496_1_1_1
26322_1_1_1	26322_1_1_1
51074_1_1_1	51074_1_1_1
15726_1_1_1	15726_1_1_1
15779_1_1_1	15779_1_1_1
34449_1_1_1	34449_1_1_1
36368_1_1_1	36368_1_1_1
15850_1_1_1	15850_1_1_1
26840_1_1_1	26840_1_1_1
18637_2_1_1	18637_2_1_1
11042_1_1_1	11042_1_1_1
25760_1_1_1	25760_1_1_1
17611_1_1_1	17611_1_1_1
17611_1_1_1	17809_1_1_1
17065_1_1_1	17065_1_1_1
25124_1_1_1	25124_1_1_1
25239_1_1_1	25239_1_1_1
18356_1_1_1	18356_1_1_1
26986_1_1_1	26986_1_1_1
26986_1_1_1	25703_1_1_1
25816_1_1_1	25816_1_1_1
30185_1_1_1	30185_1_1_1
53306_1_1_1	53306_1_1_1
53306_1_1_1	53304_1_1_1
18351_1_1_1	18351_1_1_1
25158_1_1_1	25158_1_1_1
34151_1_1_1	34151_1_1_1
25175_1_1_1	25175_1_1_1
25432_1_1_1	25432_1_1_1
26650_1_1_1	26650_1_1_1
18242_1_1_1	18242_1_1_1
26746_1_1_1	26746_1_1_1
27524_1_1_1	27524_1_1_1
17306_1_1_1	17306_1_1_1
51490_1_1_1	51490_1_1_1
17701_1_1_1	17701_1_1_1
34550_1_1_1	34550_1_1_1
50516_1_1_1	50516_1_1_1
50516_1_1_1	15618_1_1_1
27240_1_1_1	27240_1_1_1
10095_1_1_1	10095_1_1_1
10147_1_1_1	10147_1_1_1
11351_1_1_1	11351_1_1_1
10163_1_1_1	10163_1_1_1
30504_1_1_1	30504_1_1_1
52871_1_1_1	52871_1_1_1
17811_1_1_1	17811_1_1_1
16299_1_1_1	16299_1_1_1
34047_1_1_1	34047_1_1_1
17474_1_1_1	17474_1_1_1
19637_1_1_1	19637_1_1_1
25268_1_1_1	25268_1_1_1
25268_1_1_1	25270_1_1_1
34334_1_1_1	34334_1_1_1
19267_1_1_1	19267_1_1_1
15332_1_1_1	15332_1_1_1
25077_1_1_1	25077_1_1_1
15071_1_1_1	15071_1_1_1
15071_1_1_1	15070_1_1_1
52618_1_1_1	52618_1_1_1
52618_1_1_1	52133_1_1_1
25944_1_1_1	25944_1_1_1
27628_1_1_1	27628_1_1_1
52442_1_1_1	52442_1_1_1
17667_1_1_1	17667_1_1_1
16837_1_1_1	16837_1_1_1
15991_1_1_1	15991_1_1_1
25789_1_1_1	25789_1_1_1
50368_1_1_1	50368_1_1_1
50368_1_1_1	50366_1_1_1
51473_1_1_1	51473_1_1_1
17403_1_1_1	17403_1_1_1
34335_1_1_1	34335_1_1_1
27527_1_1_1	27527_1_1_1
26553_1_1_1	26553_1_1_1
30399_1_1_1	30399_1_1_1
26773_1_1_1	26773_1_1_1
26574_1_1_1	26574_1_1_1
16571_1_1_1	16571_1_1_1
11511_1_1_1	11511_1_1_1
18782_1_1_1	18782_1_1_1
18297_1_1_1	18297_1_1_1
10314_1_1_1	10314_1_1_1
10267_1_1_1	10267_1_1_1
10267_1_1_1	18824_1_1_1
11118_1_1_1	11118_1_1_1
10253_1_1_1	10253_1_1_1
10253_1_1_1	10312_1_1_1
34669_1_1_1	34669_1_1_1
34921_1_1_1	34921_1_1_1
28065_1_1_1	28065_1_1_1
50139_1_1_1	50139_1_1_1
11555_1_1_1	11555_1_1_1
17694_1_1_1	17694_1_1_1
15094_1_1_1	15094_1_1_1
16868_1_1_1	16868_1_1_1
16832_1_1_1	16832_1_1_1
26058_1_1_1	26058_1_1_1
25079_1_1_1	25079_1_1_1
25079_1_1_1	25396_1_1_1
15595_1_1_1	15595_1_1_1
15038_1_1_1	15038_1_1_1
16216_1_1_1	16216_1_1_1
17206_1_1_1	17206_1_1_1
18334_1_1_1	18334_1_1_1
27643_1_1_1	27643_1_1_1
34630_1_1_1	34630_1_1_1
17934_1_1_1	17934_1_1_1
17841_1_1_1	17841_1_1_1
17841_1_1_1	16117_1_1_1
17841_1_1_1	15537_1_1_1
17841_1_1_1	17843_1_1_1
17841_1_1_1	15535_1_1_1
17841_1_1_1	17839_1_1_1
17841_1_1_1	17840_1_1_1
17841_1_1_1	16116_1_1_1
15247_1_1_1	15247_1_1_1
26619_1_1_1	26619_1_1_1
25281_1_1_1	25281_1_1_1
25354_1_1_1	25354_1_1_1
34344_1_1_1	34344_1_1_1
25294_1_1_1	25294_1_1_1
34643_1_1_1	34643_1_1_1
16977_1_1_1	16977_1_1_1
52612_1_1_1	52612_1_1_1
50557_1_1_1	50557_1_1_1
18118_1_1_1	18118_1_1_1
10322_1_1_1	10322_1_1_1
10322_1_1_1	10146_1_1_1
10322_1_1_1	10334_1_1_1
10322_1_1_1	10330_1_1_1
11278_1_1_1	11278_1_1_1
11145_1_1_1	11145_1_1_1
11285_1_1_1	11285_1_1_1
26759_1_1_1	26759_1_1_1
26759_1_1_1	26972_1_1_1
19369_1_1_1	19369_1_1_1
27904_1_1_1	27904_1_1_1
34589_1_1_1	34589_1_1_1
52303_1_1_1	52303_1_1_1
15046_1_1_1	15046_1_1_1
15264_1_1_1	15264_1_1_1
19621_1_1_1	19621_1_1_1
15101_1_1_1	15101_1_1_1
15101_1_1_1	15190_1_1_1
15813_1_1_1	15813_1_1_1
18904_1_1_1	18904_1_1_1
30627_1_1_1	30627_1_1_1
16498_1_1_1	16498_1_1_1
27761_1_1_1	27761_1_1_1
25179_1_1_1	25179_1_1_1
18519_1_1_1	18519_1_1_1
51649_1_1_1	51649_1_1_1
15200_1_1_1	15200_1_1_1
34123_1_1_1	34123_1_1_1
30092_1_1_1	30092_1_1_1
17622_1_1_1	17622_1_1_1
50022_1_1_1	50022_1_1_1
18153_1_1_1	18153_1_1_1
50356_1_1_1	50356_1_1_1
30703_1_1_1	30703_1_1_1
30703_1_1_1	30704_1_1_1
18348_1_1_1	18348_1_1_1
50216_1_1_1	50216_1_1_1
30246_1_1_1	30246_1_1_1
25397_1_1_1	25397_1_1_1
27287_1_1_1	27287_1_1_1
52075_1_1_1	52075_1_1_1
15540_1_1_1	15540_1_1_1
11154_1_1_1	11154_1_1_1
11083_1_1_1	11083_1_1_1
11330_1_1_1	11330_1_1_1
11330_1_1_1	7351_1_1_1
11107_1_1_1	11107_1_1_1
19994_1_1_1	19994_1_1_1
52417_1_1_1	52417_1_1_1
34298_1_1_1	34298_1_1_1
34144_1_1_1	34144_1_1_1
16006_1_1_1	16006_1_1_1
26860_1_1_1	26860_1_1_1
27080_1_1_1	27080_1_1_1
18920_1_1_1	18920_1_1_1
50360_1_1_1	50360_1_1_1
15661_1_1_1	15661_1_1_1
16447_1_1_1	16447_1_1_1
30129_1_1_1	30129_1_1_1
16444_1_1_1	16444_1_1_1
15327_1_1_1	15327_1_1_1
15723_1_1_1	15723_1_1_1
36080_1_1_1	36080_1_1_1
27688_1_1_1	27688_1_1_1
31017_1_1_1	31017_1_1_1
36384_1_1_1	36384_1_1_1
18772_1_1_1	18772_1_1_1
18574_1_1_1	18574_1_1_1
18574_1_1_1	18575_1_1_1
31184_1_1_1	31184_1_1_1
31184_1_1_1	31186_1_1_1
31184_1_1_1	31185_1_1_1
30171_1_1_1	30171_1_1_1
50028_1_1_1	50028_1_1_1
50028_1_1_1	30503_1_1_1
26534_1_1_1	26534_1_1_1
34352_1_1_1	34352_1_1_1
51957_1_1_1	51957_1_1_1
31180_1_1_1	31180_1_1_1
27498_1_1_1	27498_1_1_1
27498_1_1_1	51237_1_1_1
27498_1_1_1	53374_1_1_1
19525_1_1_1	19525_1_1_1
25924_1_1_1	25924_1_1_1
25638_1_1_1	25638_1_1_1
25214_1_1_1	25214_1_1_1
50235_1_1_1	50235_1_1_1
18535_1_1_1	18535_1_1_1
19803_1_1_1	19803_1_1_1
11458_1_1_1	11458_1_1_1
11141_1_1_1	11141_1_1_1
10141_1_1_1	10141_1_1_1
30205_1_1_1	30205_1_1_1
16598_1_1_1	16598_1_1_1
16598_1_1_1	15917_1_1_1
16598_1_1_1	26586_1_1_1
16598_1_1_1	26590_1_1_1
16598_1_1_1	6838_1_1_1
50777_1_1_1	50777_1_1_1
17431_1_1_1	17431_1_1_1
27211_1_1_1	27211_1_1_1
18044_1_1_1	18044_1_1_1
18044_1_1_1	15741_1_1_1
26801_1_1_1	26801_1_1_1
16114_1_1_1	16114_1_1_1
30326_1_1_1	30326_1_1_1
12040_1_1_1	12040_1_1_1
36175_1_1_1	36175_1_1_1
17776_1_1_1	17776_1_1_1
17776_1_1_1	17775_1_1_1
36447_1_1_1	36447_1_1_1
31107_1_1_1	31107_1_1_1
19149_1_1_1	19149_1_1_1
26589_1_1_1	26589_1_1_1
25698_1_1_1	25698_1_1_1
25698_1_1_1	25697_1_1_1
16591_1_1_1	16591_1_1_1
15295_1_1_1	15295_1_1_1
15750_1_1_1	15750_1_1_1
19249_1_1_1	19249_1_1_1
25088_1_1_1	25088_1_1_1
25088_1_1_1	25803_1_1_1
15057_1_1_1	15057_1_1_1
25059_1_1_1	25059_1_1_1
28039_1_1_1	28039_1_1_1
18003_1_1_1	18003_1_1_1
16981_1_1_1	16981_1_1_1
50691_1_1_1	50691_1_1_1
19536_1_1_1	19536_1_1_1
11175_1_1_1	11175_1_1_1
19893_1_1_1	19893_1_1_1
19893_1_1_1	12041_1_1_1
31108_1_1_1	31108_1_1_1
31108_1_1_1	27518_1_1_1
31108_1_1_1	27519_1_1_1
31108_1_1_1	52557_1_1_1
31108_1_1_1	31020_1_1_1
31108_1_1_1	26936_1_1_1
31108_1_1_1	26937_1_1_1
17077_1_1_1	17077_1_1_1
17077_1_1_1	17074_1_1_1
30047_1_1_1	30047_1_1_1
27458_1_1_1	27458_1_1_1
11089_1_1_1	11089_1_1_1
11311_1_1_1	11311_1_1_1
11232_1_1_1	11232_1_1_1
10270_1_1_1	10270_1_1_1
36333_1_1_1	36333_1_1_1
34325_1_1_1	34325_1_1_1
15989_1_1_1	15989_1_1_1
16794_1_1_1	16794_1_1_1
26551_1_1_1	26551_1_1_1
15152_1_1_1	15152_1_1_1
36352_1_1_1	36352_1_1_1
15371_1_1_1	15371_1_1_1
19860_1_1_1	19860_1_1_1
25328_1_1_1	25328_1_1_1
25328_1_1_1	25329_1_1_1
18328_1_1_1	18328_1_1_1
18668_1_1_1	18668_1_1_1
18569_1_1_1	18569_1_1_1
18817_1_1_1	18817_1_1_1
30157_1_1_1	30157_1_1_1
17497_1_1_1	17497_1_1_1
19340_1_1_1	19340_1_1_1
15134_1_1_1	15134_1_1_1
30696_1_1_1	30696_1_1_1
30312_1_1_1	30312_1_1_1
34826_1_1_1	34826_1_1_1
34724_1_1_1	34724_1_1_1
52392_1_1_1	52392_1_1_1
52392_1_1_1	27895_1_1_1
34139_1_1_1	34139_1_1_1
51611_1_1_1	51611_1_1_1
27049_1_1_1	27049_1_1_1
30525_1_1_1	30525_1_1_1
30525_1_1_1	19205_1_1_1
18954_1_1_1	18954_1_1_1
17966_1_1_1	17966_1_1_1
25567_1_1_1	25567_1_1_1
52544_1_1_1	52544_1_1_1
19732_1_1_1	19732_1_1_1
50084_1_1_1	50084_1_1_1
11490_1_1_1	11490_1_1_1
11490_1_1_1	11495_1_1_1
26698_1_1_1	26698_1_1_1
26698_1_1_1	25864_1_1_1
26698_1_1_1	25866_1_1_1
26698_1_1_1	25349_1_1_1
26698_1_1_1	50021_1_1_1
26698_1_1_1	17715_1_1_1
34393_1_1_1	34393_1_1_1
11273_1_1_1	11273_1_1_1
11280_1_1_1	11280_1_1_1
11290_1_1_1	11290_1_1_1
11088_1_1_1	11088_1_1_1
27449_1_1_1	27449_1_1_1
27449_1_1_1	27450_1_1_1
27449_1_1_1	27451_1_1_1
16710_1_1_1	16710_1_1_1
34613_1_1_1	34613_1_1_1
30652_1_1_1	30652_1_1_1
16043_1_1_1	16043_1_1_1
16578_1_1_1	16578_1_1_1
19095_1_1_1	19095_1_1_1
34246_1_1_1	34246_1_1_1
11037_1_1_1	11037_1_1_1
11037_1_1_1	16207_1_1_1
17035_1_1_1	17035_1_1_1
16791_1_1_1	16791_1_1_1
19207_1_1_1	19207_1_1_1
19775_1_1_1	19775_1_1_1
15444_1_1_1	15444_1_1_1
30240_1_1_1	30240_1_1_1
26562_1_1_1	26562_1_1_1
27795_1_1_1	27795_1_1_1
19186_1_1_1	19186_1_1_1
18193_1_1_1	18193_1_1_1
34481_1_1_1	34481_1_1_1
19461_1_1_1	19461_1_1_1
19461_1_1_1	19463_1_1_1
50786_1_1_1	50786_1_1_1
15928_1_1_1	15928_1_1_1
16293_1_1_1	16293_1_1_1
30968_1_1_1	30968_1_1_1
17363_1_1_1	17363_1_1_1
28117_1_1_1	28117_1_1_1
28117_1_1_1	11400_1_1_1
52542_1_1_1	52542_1_1_1
18133_1_1_1	18133_1_1_1
27141_1_1_1	27141_1_1_1
16090_1_1_1	16090_1_1_1
19007_1_1_1	19007_1_1_1
19928_1_1_1	19928_1_1_1
19625_1_1_1	19625_1_1_1
10164_1_1_1	10164_1_1_1
10264_1_1_1	10264_1_1_1
11098_1_1_1	11098_1_1_1
10319_1_1_1	10319_1_1_1
19330_1_1_1	19330_1_1_1
27086_1_1_1	27086_1_1_1
50793_1_1_1	50793_1_1_1
52151_1_1_1	52151_1_1_1
34752_1_1_1	34752_1_1_1
19615_1_1_1	19615_1_1_1
19615_1_1_1	19743_1_1_1
16446_1_1_1	16446_1_1_1
16446_1_1_1	18627_1_1_1
16446_1_1_1	16334_1_1_1
15816_1_1_1	15816_1_1_1
15822_1_1_1	15822_1_1_1
15844_1_1_1	15844_1_1_1
17828_1_1_1	17828_1_1_1
17313_1_1_1	17313_1_1_1
36060_1_1_1	36060_1_1_1
36060_1_1_1	51492_1_1_1
25983_1_1_1	25983_1_1_1
19568_1_1_1	19568_1_1_1
19840_1_1_1	19840_1_1_1
19840_1_1_1	19841_1_1_1
19988_1_1_1	19988_1_1_1
27497_1_1_1	27497_1_1_1
18607_1_1_1	18607_1_1_1
30444_1_1_1	30444_1_1_1
52187_1_1_1	52187_1_1_1
18301_1_1_1	18301_1_1_1
15271_1_1_1	15271_1_1_1
51107_1_1_1	51107_1_1_1
15795_1_1_1	15795_1_1_1
19198_1_1_1	19198_1_1_1
26835_1_1_1	26835_1_1_1
26835_1_1_1	26832_1_1_1
26835_1_1_1	26836_1_1_1
26835_1_1_1	26837_1_1_1
26835_1_1_1	26814_1_1_1
26835_1_1_1	19223_1_1_1
18313_1_1_1	18313_1_1_1
15598_1_1_1	15598_1_1_1
15598_1_1_1	16518_1_1_1
16403_1_1_1	16403_1_1_1
16403_1_1_1	16264_1_1_1
26312_1_1_1	26312_1_1_1
36334_1_1_1	36334_1_1_1
18734_1_1_1	18734_1_1_1
16781_1_1_1	16781_1_1_1
16781_1_1_1	11013_1_1_1
30556_1_1_1	30556_1_1_1
51707_1_1_1	51707_1_1_1
51707_1_1_1	19641_1_1_1
51707_1_1_1	19671_1_1_1
51707_1_1_1	50211_1_1_1
51707_1_1_1	51708_1_1_1
51707_1_1_1	19870_1_1_1
51707_1_1_1	19798_1_1_1
11265_1_1_1	11265_1_1_1
11297_1_1_1	11297_1_1_1
11291_1_1_1	11291_1_1_1
11254_1_1_1	11254_1_1_1
50899_1_1_1	50899_1_1_1
34552_1_1_1	34552_1_1_1
30031_1_1_1	30031_1_1_1
30494_1_1_1	30494_1_1_1
18260_1_1_1	18260_1_1_1
16097_1_1_1	16097_1_1_1
18539_1_1_1	18539_1_1_1
16776_1_1_1	16776_1_1_1
26929_1_1_1	26929_1_1_1
28060_1_1_1	28060_1_1_1
19713_1_1_1	19713_1_1_1
19713_1_1_1	17720_1_1_1
16161_1_1_1	16161_1_1_1
17429_1_1_1	17429_1_1_1
16365_1_1_1	16365_1_1_1
52025_1_1_1	52025_1_1_1
30200_1_1_1	30200_1_1_1
25880_1_1_1	25880_1_1_1
27481_1_1_1	27481_1_1_1
26647_1_1_1	26647_1_1_1
25929_1_1_1	25929_1_1_1
27531_1_1_1	27531_1_1_1
18277_1_1_1	18277_1_1_1
51937_1_1_1	51937_1_1_1
25308_1_1_1	25308_1_1_1
18121_1_1_1	18121_1_1_1
18636_1_1_1	18636_1_1_1
15404_1_1_1	15404_1_1_1
19221_1_1_1	19221_1_1_1
15981_1_1_1	15981_1_1_1
27563_1_1_1	27563_1_1_1
50080_1_1_1	50080_1_1_1
18606_1_1_1	18606_1_1_1
25464_1_1_1	25464_1_1_1
26309_1_1_1	26309_1_1_1
11075_1_1_1	11075_1_1_1
50543_1_1_1	50543_1_1_1
34243_1_1_1	34243_1_1_1
10336_1_1_1	10336_1_1_1
11279_1_1_1	11279_1_1_1
11128_1_1_1	11128_1_1_1
11397_1_1_1	11397_1_1_1
36345_1_1_1	36345_1_1_1
30072_1_1_1	30072_1_1_1
19952_1_1_1	19952_1_1_1
16385_1_1_1	16385_1_1_1
17950_1_1_1	17950_1_1_1
15197_1_1_1	15197_1_1_1
51677_1_1_1	51677_1_1_1
30310_1_1_1	30310_1_1_1
15966_1_1_1	15966_1_1_1
15817_1_1_1	15817_1_1_1
15817_1_1_1	18657_1_1_1
15817_1_1_1	27120_1_1_1
51384_1_1_1	51384_1_1_1
16339_1_1_1	16339_1_1_1
25896_1_1_1	25896_1_1_1
31113_1_1_1	31113_1_1_1
19624_1_1_1	19624_1_1_1
16549_1_1_1	16549_1_1_1
16549_1_1_1	30725_1_1_1
34229_1_1_1	34229_1_1_1
52768_1_1_1	52768_1_1_1
27062_1_1_1	27062_1_1_1
53022_1_1_1	53022_1_1_1
53022_1_1_1	53011_1_1_1
53022_1_1_1	27030_1_1_1
53022_1_1_1	25910_1_1_1
53022_1_1_1	50909_1_1_1
53022_1_1_1	15408_1_1_1
53022_1_1_1	18531_1_1_1
53022_1_1_1	27031_1_1_1
53022_1_1_1	30532_1_1_1
53022_1_1_1	27032_1_1_1
53022_1_1_1	26632_1_1_1
53022_1_1_1	50910_1_1_1
53022_1_1_1	26630_1_1_1
53022_1_1_1	30222_1_1_1
53022_1_1_1	30221_1_1_1
53022_1_1_1	30220_1_1_1
53022_1_1_1	27343_1_1_1
25827_1_1_1	25827_1_1_1
52147_1_1_1	52147_1_1_1
15314_1_1_1	15314_1_1_1
18398_1_1_1	18398_1_1_1
17905_1_1_1	17905_1_1_1
25761_1_1_1	25761_1_1_1
30421_1_1_1	30421_1_1_1
11060_1_1_1	11060_1_1_1
30573_1_1_1	30573_1_1_1
30573_1_1_1	30574_1_3_1
19526_1_1_1	19526_1_1_1
34648_1_1_1	34648_1_1_1
11271_1_1_1	11271_1_1_1
11268_1_1_1	11268_1_1_1
11255_1_1_1	11255_1_1_1
36310_1_1_1	36310_1_1_1
50454_1_1_1	50454_1_1_1
17358_1_1_1	17358_1_1_1
31103_1_1_1	31103_1_1_1
25994_1_1_1	25994_1_1_1
28032_1_1_1	28032_1_1_1
25368_1_1_1	25368_1_1_1
18711_1_1_1	18711_1_1_1
34686_1_1_1	34686_1_1_1
30707_1_1_1	30707_1_1_1
30707_1_1_1	30708_1_1_1
30707_1_1_1	30706_1_1_1
50977_1_1_1	50977_1_1_1
50977_1_1_1	50976_1_1_1
16648_1_1_1	16648_1_1_1
36111_1_1_1	36111_1_1_1
27429_1_1_1	27429_1_1_1
27429_1_1_1	27430_1_1_1
16320_1_1_1	16320_1_1_1
50355_1_1_1	50355_1_1_1
51943_1_1_1	51943_1_1_1
34656_1_1_1	34656_1_1_1
19148_1_1_1	19148_1_1_1
53204_1_1_1	53204_1_1_1
51455_1_1_1	51455_1_1_1
26884_1_1_1	26884_1_1_1
26884_1_1_1	15458_1_1_1
25159_1_1_1	25159_1_1_1
16536_1_1_1	16536_1_1_1
16123_1_1_1	16123_1_1_1
16123_1_1_1	18788_1_1_1
51412_1_1_1	51412_1_1_1
51412_1_1_1	51169_1_1_1
52359_1_1_1	52359_1_1_1
25918_1_1_1	25918_1_1_1
19012_1_1_1	19012_1_1_1
15615_1_1_1	15615_1_1_1
30034_1_1_1	30034_1_1_1
15087_1_1_1	15087_1_1_1
27275_1_1_1	27275_1_1_1
16774_1_1_1	16774_1_1_1
19006_1_1_1	19006_1_1_1
19303_1_1_1	19303_1_1_1
11282_1_1_1	11282_1_1_1
11229_1_1_1	11229_1_1_1
11262_1_1_1	11262_1_1_1
18600_2_1_1	18600_2_1_1
11000_1_1_1	11000_1_1_1
30289_1_1_1	30289_1_1_1
50025_1_1_1	50025_1_1_1
27210_1_1_1	27210_1_1_1
30890_1_1_1	30890_1_1_1
27724_1_1_1	27724_1_1_1
15132_1_1_1	15132_1_1_1
17686_1_1_1	17686_1_1_1
34256_1_1_1	34256_1_1_1
16297_1_1_1	16297_1_1_1
15819_1_1_1	15819_1_1_1
50309_1_1_1	50309_1_1_1
17620_1_1_1	17620_1_1_1
17993_1_1_1	17993_1_1_1
17804_1_1_1	17804_1_1_1
19974_1_1_1	19974_1_1_1
25557_1_1_1	25557_1_1_1
25241_1_1_1	25241_1_1_1
26046_1_1_1	26046_1_1_1
26517_1_1_1	26517_1_1_1
34695_1_1_1	34695_1_1_1
36220_1_1_1	36220_1_1_1
27209_1_1_1	27209_1_1_1
36185_1_1_1	36185_1_1_1
27523_1_1_1	27523_1_1_1
15988_1_1_1	15988_1_1_1
19055_1_1_1	19055_1_1_1
51411_1_1_1	51411_1_1_1
25021_1_1_1	25021_1_1_1
50518_1_1_1	50518_1_1_1
50518_1_1_1	15511_1_1_1
36335_1_1_1	36335_1_1_1
19339_1_1_1	19339_1_1_1
17501_1_1_1	17501_1_1_1
16517_1_1_1	16517_1_1_1
15242_1_1_1	15242_1_1_1
50517_1_1_1	50517_1_1_1
50517_1_1_1	16008_1_1_1
26657_1_1_1	26657_1_1_1
10332_1_1_1	10332_1_1_1
11456_1_1_1	11456_1_1_1
11122_1_1_1	11122_1_1_1
11114_1_1_1	11114_1_1_1
11247_1_1_1	11247_1_1_1
31120_1_1_1	31120_1_1_1
27543_1_1_1	27543_1_1_1
50998_1_1_1	50998_1_1_1
18624_1_1_1	18624_1_1_1
31018_1_1_1	31018_1_1_1
30450_1_1_1	30450_1_1_1
51329_1_1_1	51329_1_1_1
26646_1_1_1	26646_1_1_1
26985_1_1_1	26985_1_1_1
18665_1_1_1	18665_1_1_1
50748_1_1_1	50748_1_1_1
18933_1_1_1	18933_1_1_1
15823_1_1_1	15823_1_1_1
30753_1_1_1	30753_1_1_1
25333_1_1_1	25333_1_1_1
25333_1_1_1	15429_1_1_1
25333_1_1_1	17303_1_1_1
16979_1_1_1	16979_1_1_1
16486_1_1_1	16486_1_1_1
16083_1_1_1	16083_1_1_1
50650_1_1_1	50650_1_1_1
50650_1_1_1	18197_1_1_1
25930_1_1_1	25930_1_1_1
52585_1_1_1	52585_1_1_1
17066_1_1_1	17066_1_1_1
17066_1_1_1	16928_1_1_1
17066_1_1_1	18994_1_1_1
12032_1_1_1	12032_1_1_1
12032_1_1_1	51403_1_1_1
12032_1_1_1	27539_1_1_1
12032_1_1_1	51404_1_1_1
15655_1_1_1	15655_1_1_1
15207_1_1_1	15207_1_1_1
51663_1_1_1	51663_1_1_1
51663_1_1_1	52007_1_1_1
26761_1_1_1	26761_1_1_1
34068_1_1_1	34068_1_1_1
25026_1_1_1	25026_1_1_1
50707_1_1_1	50707_1_1_1
17070_1_1_1	17070_1_1_1
30871_1_1_1	30871_1_1_1
16937_1_1_1	16937_1_1_1
18819_1_1_1	18819_1_1_1
34864_1_1_1	34864_1_1_1
11320_1_1_1	11320_1_1_1
10299_1_1_1	10299_1_1_1
11104_1_1_1	11104_1_1_1
11104_1_1_1	11101_1_1_1
31014_1_1_1	31014_1_1_1
31014_1_1_1	31016_1_1_1
51293_1_1_1	51293_1_1_1
19660_1_1_1	19660_1_1_1
53287_1_1_1	53287_1_1_1
34459_1_1_1	34459_1_1_1
27189_1_1_1	27189_1_1_1
25798_1_1_1	25798_1_1_1
16649_1_1_1	16649_1_1_1
51171_1_1_1	51171_1_1_1
51171_1_1_1	25987_1_1_1
51171_1_1_1	51818_1_1_1
51171_1_1_1	27515_1_1_1
15964_1_1_1	15964_1_1_1
52372_1_1_1	52372_1_1_1
15547_1_1_1	15547_1_1_1
15805_1_1_1	15805_1_1_1
26774_1_1_1	26774_1_1_1
30676_1_1_1	30676_1_1_1
51159_1_1_1	51159_1_1_1
25904_1_1_1	25904_1_1_1
16897_1_1_1	16897_1_1_1
34124_1_1_1	34124_1_1_1
52144_1_1_1	52144_1_1_1
52144_1_1_1	15684_1_1_1
17444_1_1_1	17444_1_1_1
51326_1_1_1	51326_1_1_1
18039_1_1_1	18039_1_1_1
18039_1_1_1	15694_1_1_1
16641_1_1_1	16641_1_1_1
18249_1_1_1	18249_1_1_1
30555_1_1_1	30555_1_1_1
51532_1_1_1	51532_1_1_1
30314_1_1_1	30314_1_1_1
30314_1_1_1	18654_1_1_1
26942_2_1_1	26942_2_1_1
26942_2_1_1	51341_1_1_1
34361_1_1_1	34361_1_1_1
27610_1_1_1	27610_1_1_1
16959_1_1_1	16959_1_1_1
30869_1_1_1	30869_1_1_1
34095_1_1_1	34095_1_1_1
34095_1_1_1	17475_1_1_1
30154_1_1_1	30154_1_1_1
34865_1_1_1	34865_1_1_1
11274_1_1_1	11274_1_1_1
11516_1_1_1	11516_1_1_1
11231_1_1_1	11231_1_1_1
11182_1_1_1	11182_1_1_1
34704_1_1_1	34704_1_1_1
19635_1_1_1	19635_1_1_1
17278_1_1_1	17278_1_1_1
25168_1_1_1	25168_1_1_1
17005_1_1_1	17005_1_1_1
36485_1_1_1	36485_1_1_1
11250_1_1_1	11250_1_1_1
16377_1_1_1	16377_1_1_1
16428_1_1_1	16428_1_1_1
51973_1_1_1	51973_1_1_1
18364_1_1_1	18364_1_1_1
19034_1_1_1	19034_1_1_1
26053_1_1_1	26053_1_1_1
51729_1_1_1	51729_1_1_1
30740_1_1_1	30740_1_1_1
30740_1_1_1	30739_1_1_1
19584_1_1_1	19584_1_1_1
36323_1_1_1	36323_1_1_1
36323_1_1_1	36324_1_1_1
36261_1_1_1	36261_1_1_1
10329_1_1_1	10329_1_1_1
11091_1_1_1	11091_1_1_1
11135_1_1_1	11135_1_1_1
26726_1_1_1	26726_1_1_1
26726_1_1_1	27087_1_1_1
15914_1_1_1	15914_1_1_1
50741_1_1_1	50741_1_1_1
50713_1_1_1	50713_1_1_1
50891_1_1_1	50891_1_1_1
27098_1_1_1	27098_1_1_1
27098_1_1_1	27097_1_1_1
30153_1_1_1	30153_1_1_1
19753_1_1_1	19753_1_1_1
51077_1_1_1	51077_1_1_1
27732_1_1_1	27732_1_1_1
27732_1_1_1	16406_1_1_1
27732_1_1_1	27734_1_1_1
27732_1_1_1	28038_1_1_1
27732_1_1_1	28037_1_1_1
27732_1_1_1	19788_1_1_1
27732_1_1_1	19787_1_1_1
27732_1_1_1	19241_1_1_1
27732_1_1_1	19324_1_1_1
50159_1_1_1	50159_1_1_1
50159_1_1_1	30761_1_1_1
16093_1_1_1	16093_1_1_1
12010_1_1_1	12010_1_1_1
30554_1_1_1	30554_1_1_1
30554_1_1_1	30553_1_1_1
30977_1_1_1	30977_1_1_1
30977_1_1_1	27265_1_1_1
30977_1_1_1	27218_1_1_1
30977_1_1_1	27217_1_1_1
30977_1_1_1	25341_1_1_1
30977_1_1_1	25832_1_1_1
30977_1_1_1	27159_1_1_1
30977_1_1_1	19432_1_1_1
51419_1_1_1	51419_1_1_1
15137_1_1_1	15137_1_1_1
15137_1_1_1	16555_1_1_1
50166_1_1_1	50166_1_1_1
30583_1_1_1	30583_1_1_1
52872_1_1_1	52872_1_1_1
52872_1_1_1	18179_1_1_1
52872_1_1_1	18178_1_1_1
16468_1_1_1	16468_1_1_1
27593_1_1_1	27593_1_1_1
26518_1_1_1	26518_1_1_1
18504_1_1_1	18504_1_1_1
26593_1_1_1	26593_1_1_1
34089_1_1_1	34089_1_1_1
52170_1_1_1	52170_1_1_1
26592_1_1_1	26592_1_1_1
15426_1_1_1	15426_1_1_1
15426_1_1_1	30604_1_1_1
25064_2_1_1	25064_2_1_1
27512_1_1_1	27512_1_1_1
27512_1_1_1	19670_1_1_1
27512_1_1_1	26783_1_1_1
27512_1_1_1	50330_1_1_1
27512_1_1_1	51725_1_1_1
27512_1_1_1	53268_1_1_1
27512_1_1_1	25972_1_1_1
27512_1_1_1	11505_1_1_1
27512_1_1_1	30693_1_1_1
27512_1_1_1	16228_1_1_1
19710_1_1_1	19710_1_1_1
19859_1_1_1	19859_1_1_1
36320_1_1_1	36320_1_1_1
18338_1_1_1	18338_1_1_1
50422_1_1_1	50422_1_1_1
10333_1_1_1	10333_1_1_1
11258_1_1_1	11258_1_1_1
10260_1_1_1	10260_1_1_1
10251_1_1_1	10251_1_1_1
26785_1_1_1	26785_1_1_1
34073_1_1_1	34073_1_1_1
16782_1_1_1	16782_1_1_1
51258_1_1_1	51258_1_1_1
27462_1_1_1	27462_1_1_1
27462_1_1_1	52642_1_1_1
19811_1_1_1	19811_1_1_1
17033_1_1_1	17033_1_1_1
27785_1_1_1	27785_1_1_1
16251_1_1_1	16251_1_1_1
16934_1_1_1	16934_1_1_1
16934_1_1_1	17031_1_1_1
30677_1_1_1	30677_1_1_1
18299_1_1_1	18299_1_1_1
15698_1_1_1	15698_1_1_1
15698_1_1_1	25875_1_1_1
15529_1_1_1	15529_1_1_1
18221_1_1_1	18221_1_1_1
11451_1_1_1	11451_1_1_1
34050_1_1_1	34050_1_1_1
30910_1_1_1	30910_1_1_1
19285_1_1_1	19285_1_1_1
51548_1_1_1	51548_1_1_1
30959_1_1_1	30959_1_1_1
16606_1_1_1	16606_1_1_1
16606_1_1_1	16607_1_2_1
16606_1_1_1	16463_1_1_1
25219_1_1_1	25219_1_1_1
34939_1_1_1	34939_1_1_1
30195_1_1_1	30195_1_1_1
30195_1_1_1	50750_1_1_1
51938_1_1_1	51938_1_1_1
17713_1_1_1	17713_1_1_1
19042_1_1_1	19042_1_1_1
34218_1_1_1	34218_1_1_1
19242_1_1_1	19242_1_1_1
28131_1_1_1	28131_1_1_1
18599_1_1_1	18599_1_1_1
52354_1_1_1	52354_1_1_1
34883_1_1_1	34883_1_1_1
19203_1_1_1	19203_1_1_1
51253_1_1_1	51253_1_1_1
30296_1_1_1	30296_1_1_1
11507_1_1_1	11507_1_1_1
31040_1_1_1	31040_1_1_1
34329_1_1_1	34329_1_1_1
15306_1_1_1	15306_1_1_1
15306_1_1_1	50023_1_1_1
15808_1_1_1	15808_1_1_1
18986_1_1_1	18986_1_1_1
19869_1_1_1	19869_1_1_1
50401_1_1_1	50401_1_1_1
11348_1_1_1	11348_1_1_1
10256_1_1_1	10256_1_1_1
11099_1_1_1	11099_1_1_1
10274_1_1_1	10274_1_1_1
50751_1_1_1	50751_1_1_1
18647_1_1_1	18647_1_1_1
25712_1_1_1	25712_1_1_1
15401_1_1_1	15401_1_1_1
15847_1_1_1	15847_1_1_1
16370_1_1_1	16370_1_1_1
18468_1_1_1	18468_1_1_1
19799_1_1_1	19799_1_1_1
26846_1_1_1	26846_1_1_1
19628_1_1_1	19628_1_1_1
11077_1_1_1	11077_1_1_1
30023_1_1_1	30023_1_1_1
50588_1_1_1	50588_1_1_1
15688_1_1_1	15688_1_1_1
18222_1_1_1	18222_1_1_1
51531_1_1_1	51531_1_1_1
51531_1_1_1	19582_1_1_1
25298_1_1_1	25298_1_1_1
34140_1_1_1	34140_1_1_1
27081_1_1_1	27081_1_1_1
34037_1_1_1	34037_1_1_1
16211_1_1_1	16211_1_1_1
50027_1_1_1	50027_1_1_1
30637_1_1_1	30637_1_1_1
19927_1_1_1	19927_1_1_1
19927_1_1_1	27158_1_1_1
19927_1_1_1	30043_1_1_1
19927_1_1_1	25132_1_1_1
25350_1_1_1	25350_1_1_1
50299_1_1_1	50299_1_1_1
25326_1_1_1	25326_1_1_1
52143_1_1_1	52143_1_1_1
25886_1_1_1	25886_1_1_1
30875_1_1_1	30875_1_1_1
27381_1_1_1	27381_1_1_1
27381_1_1_1	25267_1_1_1
30181_1_1_1	30181_1_1_1
15895_1_1_1	15895_1_1_1
11532_1_1_1	11532_1_1_1
27165_1_1_1	27165_1_1_1
11018_1_1_1	11018_1_1_1
11018_1_1_1	18119_1_1_1
11295_1_1_1	11295_1_1_1
11263_1_1_1	11263_1_1_1
10335_1_1_1	10335_1_1_1
11334_1_1_1	11334_1_1_1
34696_1_1_1	34696_1_1_1
18399_1_1_1	18399_1_1_1
18399_1_1_1	36012_1_1_1
51597_1_1_1	51597_1_1_1
51597_1_1_1	51609_1_1_1
51597_1_1_1	51591_2_1_1
36136_1_1_1	36136_1_1_1
52501_1_1_1	52501_1_1_1
52501_1_1_1	34457_1_1_1
52501_1_1_1	27128_1_1_1
52501_1_1_1	30065_1_1_1
27281_1_1_1	27281_1_1_1
27281_1_1_1	27280_1_1_1
27281_1_1_1	27278_1_1_1
27281_1_1_1	26601_1_1_1
27281_1_1_1	27279_1_1_1
27281_1_1_1	26602_1_1_1
27281_1_1_1	26600_1_1_1
16338_1_1_1	16338_1_1_1
30000_1_1_1	30000_1_1_1
16944_1_1_1	16944_1_1_1
16652_1_1_1	16652_1_1_1
18218_1_1_1	18218_1_1_1
30201_1_1_1	30201_1_1_1
11527_1_1_1	11527_1_1_1
19107_1_1_1	19107_1_1_1
16766_1_1_1	16766_1_1_1
16766_1_1_1	11252_1_1_1
51150_1_1_1	51150_1_1_1
51150_1_1_1	30290_1_1_1
51150_1_1_1	30334_1_1_1
51150_1_1_1	17242_1_1_1
30379_1_1_1	30379_1_1_1
30682_1_1_1	30682_1_1_1
30495_1_1_1	30495_1_1_1
51063_1_1_1	51063_1_1_1
34442_1_1_1	34442_1_1_1
18761_1_1_1	18761_1_1_1
15091_1_1_1	15091_1_1_1
15091_1_1_1	15093_1_1_1
17606_1_1_1	17606_1_1_1
18267_1_1_1	18267_1_1_1
25587_1_1_1	25587_1_1_1
17368_1_1_1	17368_1_1_1
25691_1_1_1	25691_1_1_1
34049_1_1_1	34049_1_1_1
51855_1_1_1	51855_1_1_1
52601_1_1_1	52601_1_1_1
36401_1_1_1	36401_1_1_1
16042_1_1_1	16042_1_1_1
27473_1_1_1	27473_1_1_1
30422_1_1_1	30422_1_1_1
17104_1_1_1	17104_1_1_1
16969_1_1_1	16969_1_1_1
15893_1_1_1	15893_1_1_1
17139_1_1_1	17139_1_1_1
17045_1_1_1	17045_1_1_1
30481_1_1_1	30481_1_1_1
17002_1_1_1	17002_1_1_1
19719_1_1_1	19719_1_1_1
19252_1_1_1	19252_1_1_1
31205_1_1_1	31205_1_1_1
25010_1_1_1	25010_1_1_1
25010_1_1_1	25007_1_1_1
10248_1_1_1	10248_1_1_1
11158_1_1_1	11158_1_1_1
11266_1_1_1	11266_1_1_1
10250_1_1_1	10250_1_1_1
10323_1_1_1	10323_1_1_1
18966_1_1_1	18966_1_1_1
18966_1_1_1	25969_1_1_1
51802_1_1_1	51802_1_1_1
19056_1_1_1	19056_1_1_1
18701_1_1_1	18701_1_1_1
15782_1_1_1	15782_1_1_1
