strategy,trizod,chezod,softdis,pdbflex,atlas,plddt,"disprot
(AP)","disprot
(AUROC)"
best_individual_test_oracle,0.32238552642673435,0.369488655842555,0.3140419251642625,0.24794753813252612,0.5803783865311475,0.7600411936736504,0.820162552406588,0.8321373485306923
simple_mean_all_heads,0.24852012894979364,0.2448074109341749,0.04811725491876921,-0.11678115023143368,0.3238499047941538,0.7575585029550382,0.7041152261491739,0.7433345324285501
validation_selected_single_head,0.32238552642673435,0.33365882450490963,0.3140419251642625,0.24794753813252612,0.5803783865311475,0.7600411936736504,0.820162552406588,0.8321373485306923
global_convex_validation,0.22133639490992052,0.23028406604462673,0.02351628973346029,-0.11530307431612913,0.31217950321267673,0.7599999042893816,0.6894542376090144,0.7311037140782657
per_target_convex_validation,0.32324903359094975,0.3336257780350024,0.3140419251642625,0.24794753813252612,0.5803783865311475,0.7600411936736504,0.8211047268711336,0.8323292425111485
per_target_ceiling_aware_validation,0.25123120661277176,0.2705030343620931,0.3140419251642625,0.24794753813252612,0.510528267086848,0.760055755951113,0.7123440016884427,0.7480969921253249
global_ridge_stacking_validation,-0.9564660397046059,-2.565492678785073,-0.5727658717270265,-0.3963909986414872,-0.8335281745366894,-1.374514485304259,-1.2444571765881298,-2.5538903285990844
per_target_ridge_stacking_validation,0.31434117181252397,0.35679829705622795,0.3247279129561165,0.2959036932258288,0.5106837650634178,0.771918418037466,0.8121076964210482,0.8129322016104211
