protein_id,start_residue,end_residue,window_size,mean_std,max_std,max_range,max_disagreement_residue,mean_score,ADOPT_scaled_score_at_max,DisPredict3_scaled_score_at_max,DisoFLAG_scaled_score_at_max,DisorderUnetLM_scaled_score_at_max,IUPred3_scaled_score_at_max,PUNCH2_light_scaled_score_at_max,SETH_scaled_score_at_max,metapredict_scaled_score_at_max
P27797,31,60,30,1.84854,1.89056,5.45827,49,0.457467,-0.676434,4.41836,0.165858,2.69814,-0.769152,-0.825833,-0.891964,-0.789497
P27797,61,90,30,1.82009,1.88631,5.41571,74,0.396239,-0.957266,4.42813,-0.358553,2.50182,-0.634507,-0.842046,-0.867747,-0.711555
P27797,301,330,30,1.81291,1.88034,5.36815,329,0.623683,-0.954672,4.41347,-0.266296,2.71625,0.75443,-0.850153,-0.866851,-0.766195
P31415,151,180,30,1.79813,1.89359,6.06313,153,0.270548,-1.71318,4.34995,-0.251729,1.8091,-0.908729,-0.779896,-1.11081,-0.92315
P27797,151,180,30,1.78751,1.84431,5.49135,176,0.289677,-0.997939,4.35972,-0.731115,2.15208,-0.167608,-0.850153,-1.11036,-0.724412
P11473,61,90,30,1.78361,1.85996,5.54246,84,0.304805,-1.24626,4.29619,-0.51879,2.0622,-0.860939,-0.709639,-1.10857,-0.894223
P53041,91,120,30,1.77768,1.89327,5.85741,108,0.262284,-1.55145,4.30597,-0.294105,2.26289,-0.642851,-0.763683,-0.959681,-0.926632
P31415,91,120,30,1.76748,1.87114,6.17394,97,0.134546,-1.03109,4.42325,-0.611047,1.88879,-0.967518,-0.769087,-1.10364,-0.896366
P31415,181,210,30,1.75566,1.81734,5.76915,182,0.199283,-1.19348,4.34506,0.4519,2.1384,-0.670918,-0.720448,-0.761463,-0.852975
P27797,91,120,30,1.75258,1.81113,5.54245,96,0.308987,-1.03645,4.33529,-0.683882,1.81863,-0.292772,-0.850153,-1.15835,-0.814942
Q6NVV1,61,90,30,1.74974,1.81103,5.26591,83,0.898629,-0.147587,4.42325,2.15403,2.68439,0.36794,-0.709639,-0.671772,-0.722001
P31415,301,330,30,1.7487,1.85776,6.20156,330,0.282244,-1.84184,4.35972,-0.583238,1.44101,-0.532858,-0.806918,-1.03233,-0.891544
P60880,31,60,30,1.7448,1.79633,5.46127,33,0.929815,0.240538,4.43791,1.2628,2.74139,0.789704,-0.812322,-1.02336,-0.745839
P53041,61,90,30,1.74386,1.82487,5.65131,82,0.171356,-1.10257,4.35972,-0.576175,1.81731,-0.664091,-0.779896,-0.943088,-0.999752
P27797,331,360,30,1.73416,1.85593,5.45661,335,0.9405,-0.77006,4.41347,-0.10341,2.72926,1.02372,-0.815024,-0.960578,-0.621293
P09486,181,210,30,1.73116,1.84103,5.43213,199,0.593919,-0.974765,4.38904,0.029458,2.64722,0.325461,-0.563721,-1.04309,-0.700842
P27797,1,30,30,1.7304,1.87967,5.75782,25,0.716022,-1.35901,4.39881,-0.276448,2.21953,-0.841975,-0.7853,-1.08973,-0.248458
O00161,31,60,30,1.7225,1.76365,5.28948,50,0.980818,0.0965092,4.43302,1.38286,2.71414,0.769222,-0.80962,-0.592844,-0.850297
P31415,61,90,30,1.72244,1.82504,5.52619,63,0.440091,-1.25615,4.24733,-0.520997,1.86616,-1.04451,-0.577232,-1.0987,-0.846815
Q156A1,61,80,20,1.72059,1.95268,6.99564,79,0.788486,-2.56262,4.43302,1.92714,-0.117249,-1.23643,0.690094,0.896925,0.294991
Q969F2,121,150,30,1.71877,1.82333,5.58983,143,0.816996,-1.11293,4.43302,-0.330302,2.7163,0.656196,-0.147584,-0.619752,-0.65638
P27797,121,150,30,1.71812,1.79156,5.4938,150,0.389373,-0.892039,4.33529,-0.554987,1.7719,-0.490758,-0.842046,-1.07762,-0.874403
P31415,331,360,30,1.71707,1.82654,5.92173,331,0.445475,-1.53268,4.38904,-0.547482,1.44336,-0.416798,-0.804216,-1.06731,-0.881366
Q156A1,31,60,30,1.71606,1.77909,5.67434,54,0.874806,0.0483861,4.41836,2.82897,-0.400861,-1.23643,0.498239,-0.56504,0.735321
P16949,61,90,30,1.70994,1.80393,5.21596,67,1.2898,-0.173007,4.43791,2.71066,2.68384,1.44018,-0.631276,-0.733211,-0.225692
P31415,271,300,30,1.70679,1.77657,5.89014,287,0.448574,-1.51087,4.37927,0.488538,2.15991,0.272361,-0.642084,-0.0964038,-0.802889
P31415,211,240,30,1.70499,1.83199,5.904,220,0.0692093,-1.54428,4.35972,-0.40711,1.28232,-1.01682,-0.825833,-1.02381,-0.940827
P31415,121,150,30,1.70463,1.90854,6.16184,148,0.115414,-1.79234,4.36949,-0.282628,1.80039,-0.965621,-0.752874,-1.07762,-0.932792
O14958,331,360,30,1.70092,1.81348,5.98759,358,0.586054,-1.58389,4.4037,0.412172,2.14651,1.037,-0.615062,-1.03502,0.0480414
P53041,31,60,30,1.70067,1.75639,5.71929,44,0.239171,-0.993356,4.32063,-0.288367,1.5055,-0.725155,-0.750172,-1.07,-0.790033
P09486,211,240,30,1.69499,1.84726,5.38492,220,0.296843,-0.425999,4.36461,-0.206262,2.62011,-0.863594,-0.585338,-0.791958,-0.870385
Q00610,1021,1021,1,1.69445,1.69445,5.37252,1021,-0.0831217,0.186307,4.29131,-0.788941,-0.575123,-1.02782,-0.801513,-1.08121,-0.867974
P11473,31,60,30,1.69173,1.78347,5.28751,59,0.240379,-0.868659,4.25221,-0.50334,2.31458,-0.731982,-0.234054,-0.772675,-0.823513
O00488,61,90,30,1.68894,1.76258,5.92619,89,0.518371,-1.35222,4.42813,2.02955,2.00876,1.26836,-0.412398,-0.531406,-0.0617733
Q9UHQ7,61,90,30,1.6852,1.78239,5.22258,61,0.84079,-0.666467,4.42325,2.1143,2.67142,0.97176,-0.617765,-0.35292,-0.560761
O95405,721,750,30,1.68411,1.80461,6.1953,732,-0.063079,-1.87467,4.32063,-0.810129,0.285135,-1.24439,-0.366461,-1.09915,-0.727894
A0A1B0GWH6,1,25,25,1.68405,1.72219,5.70055,19,0.0961893,-0.413957,4.43302,0.63156,-0.502838,-1.26753,-0.366461,-0.832768,-0.941631
P31415,241,270,30,1.68174,1.74997,5.84071,267,0.353383,-1.22639,4.4037,0.286808,2.04295,0.190815,-0.696128,-0.522437,-0.633614
A0A096LP55,31,60,30,1.68005,1.81209,5.60662,42,0.348167,-1.22247,4.38415,1.97216,-0.303905,-0.0306869,-0.706937,-1.05431,-0.774766
Q93045,91,120,30,1.67937,1.76042,5.29149,93,0.985924,-0.607099,4.37927,2.73847,1.93952,0.757844,-0.617765,-0.317044,-0.576831
Q9NR00,61,90,30,1.67914,1.73793,5.20167,76,1.00364,-0.517393,4.34995,1.94568,2.6581,-0.48431,0.587411,-0.284307,-0.732179
P20472,31,60,30,1.67589,1.83433,5.74648,45,0.526869,-1.43563,4.31085,1.81943,1.70447,-0.333355,-0.40159,-1.12157,-0.649684
P60880,61,90,30,1.67302,1.72333,5.24483,74,1.08872,0.196755,4.42813,1.21512,2.77157,0.75974,-0.720448,-0.452926,-0.757088
Q9NR00,91,106,16,1.67093,1.72218,5.51858,93,1.0709,0.0598153,4.41836,1.4248,2.69788,-0.713777,0.763053,-0.654283,-0.550315
P60880,151,180,30,1.67093,1.72745,5.22493,161,0.996173,0.19872,4.43791,0.752068,2.70138,0.249604,-0.758278,-0.787025,-0.3872
P27797,181,210,30,1.67081,1.80838,5.42647,185,0.837508,-0.921141,4.38415,-0.662694,2.23144,0.879594,-0.825833,-1.01708,-0.210693
P20472,61,90,30,1.67056,1.84695,5.69518,61,0.618358,-1.0216,4.36461,1.58239,2.10232,-0.689123,-0.647489,-1.04489,-0.587813
P53675,1021,1021,1,1.66813,1.66813,5.28317,1021,-0.100693,0.153589,4.20823,-0.803949,-0.582022,-1.03238,-0.806918,-1.07493,-0.867171
P10412,61,90,30,1.66812,1.82308,5.76063,63,0.819042,-1.3667,4.39393,0.958654,2.5827,0.199538,0.579304,-1.01663,-0.66013
O14958,301,330,30,1.66611,1.83624,5.96503,317,0.0741313,-1.59065,4.37438,-0.565581,1.20825,-0.794185,-0.828535,-1.14624,-0.953416
P63316,121,150,30,1.6659,1.77746,5.42298,121,0.697881,-1.07295,4.30597,0.335806,2.29774,0.0781676,-0.760981,-0.93098,-0.621561
O14958,271,300,30,1.66334,1.76276,5.94178,272,0.220458,-1.70422,4.23755,0.347283,1.94669,-0.128542,-0.744767,-0.0560428,-0.830209
Q156A1,1,30,30,1.66188,1.79461,6.50212,1,0.945069,-2.08376,4.41836,1.22042,1.07795,-1.18712,1.0711,0.796023,1.08298
P82921,61,87,27,1.65893,1.81565,5.23789,62,0.800583,-0.360219,4.30108,2.05162,2.21212,-0.340182,-0.69883,-0.93681,-0.867439
O00161,61,90,30,1.65797,1.7281,5.22424,74,1.08022,0.510833,4.39881,1.47424,2.66206,-0.226018,-0.601552,-0.523334,-0.687182
Q9H446,31,60,30,1.65662,1.76728,5.6133,36,0.464638,-1.13758,4.43791,-0.619876,0.0607307,1.40832,-0.625871,-1.17539,-0.520049
P09486,241,270,30,1.65426,1.78057,5.29052,263,0.267179,-0.991037,4.08607,-0.123716,2.45209,-0.698985,-0.80962,-0.725139,-0.82753
Q9NZ72,91,120,30,1.65202,1.7144,5.2327,94,0.995837,-0.581668,4.42325,2.63474,1.7794,1.01993,-0.655595,-0.29507,-0.262922
P16402,61,90,30,1.65132,1.81531,5.75099,64,0.785068,-1.37173,4.37927,0.917602,2.55538,0.171092,0.598219,-1.0117,-0.650488
Q6NVV1,31,60,30,1.65027,1.73897,5.20157,59,0.96369,0.0574577,4.37438,1.15729,2.76575,-0.434245,-0.782598,0.329181,-0.821906
P16403,61,90,30,1.64944,1.81646,5.76629,63,0.799463,-1.36259,4.4037,0.956889,2.53914,0.266672,0.554984,-1.0117,-0.655844
P0CE72,61,90,30,1.64796,1.84344,6.06848,66,0.637169,-1.6941,4.37438,0.591831,1.87005,-0.279118,-0.674511,-1.08615,-0.623704
P63316,151,161,11,1.64706,1.74506,5.46576,153,0.549966,-1.07183,4.39393,-0.256584,1.8102,-0.0872001,-0.779896,-0.963717,-0.191676
Q9NX55,91,120,30,1.64637,1.72253,5.76215,93,0.530008,-1.07435,4.42325,0.809453,1.76895,0.729018,0.779266,-1.14355,-0.77182
P27797,271,300,30,1.64578,1.72772,5.11338,293,1.04164,-0.195562,4.42813,0.679675,2.78385,1.55548,-0.504273,-0.548447,-0.569064
O95721,211,240,30,1.644,1.72987,5.27185,213,1.02338,1.28224,4.43302,2.04456,2.28618,0.351252,-0.831237,-0.739489,-0.592366
P0CE71,61,90,30,1.64258,1.83727,6.0452,66,0.643784,-1.69526,4.34995,0.611254,1.8793,-0.275325,-0.661,-1.08525,-0.626382
Q6ZVS7,31,60,30,1.64214,1.72385,5.20625,31,1.3148,0.417117,4.28153,3.27701,1.43715,0.0603412,-0.7853,0.887956,-0.810924
P38936,31,60,30,1.64172,1.75992,5.16715,43,1.21074,-0.734131,4.43302,1.70952,2.73538,-0.274187,1.03057,-0.572664,-0.54228
O75971,1,30,30,1.63994,1.74148,5.6383,18,0.375487,-1.21017,4.42813,1.32239,-0.461005,0.655437,-0.539401,-0.849809,-0.779855
O14990,121,150,30,1.63883,1.72663,5.38696,135,1.13915,-0.443764,4.42813,2.3072,2.43227,0.564409,0.373938,-0.713479,-0.657184
Q8WVI0,31,60,30,1.63848,1.7175,5.63192,41,0.429718,-0.656559,4.42325,0.933052,-0.0956668,-1.1564,-0.798811,-0.756082,-0.615936
P29762,61,90,30,1.63817,1.74706,5.91644,74,0.166459,-1.50297,4.41347,0.900828,-0.0153329,0.0629962,-0.825833,-0.998248,-0.651827
Q15506,31,60,30,1.63785,1.72038,5.6564,42,0.417862,-1.2527,4.4037,0.38966,-0.476251,0.208262,-0.744767,-1.11799,-0.738607
P46777,1,30,30,1.63768,1.6985,5.51373,7,0.766477,1.00908,4.34017,0.089933,2.66247,-1.14578,-0.325928,-0.28924,0.257493
P0DJ07,31,60,30,1.63657,1.71053,5.42748,58,0.604329,-0.76744,4.39881,1.79074,0.294955,-0.493413,-0.52589,-1.01753,-0.270421
P18545,61,87,27,1.6365,1.76306,5.39768,78,1.01905,0.139419,4.42813,1.152,2.5992,-0.607957,0.727924,-0.950712,-0.890741
A1L162,91,120,30,1.6364,1.76084,5.63023,110,0.699519,-1.02856,4.43791,1.84768,0.195653,1.00855,-0.806918,-1.1561,-0.101949
Q06787,391,420,30,1.6356,1.75561,5.56918,402,0.389624,-1.18503,4.38415,-0.641947,1.34762,0.0284814,-0.839344,-0.917078,-0.722537
Q13956,61,83,23,1.63549,1.74465,5.33822,74,1.01206,0.127486,4.40859,1.36212,2.68371,-0.413005,0.754946,-0.929634,-0.819227
P20472,1,30,30,1.63311,1.8237,5.36146,23,0.772063,-0.766978,4.28153,1.88917,2.46536,-0.797219,-0.450229,-0.593293,-0.66629
O00161,151,180,30,1.6325,1.70459,5.22643,167,1.07538,0.340771,4.43302,1.07916,2.73123,0.127095,-0.7853,-0.559658,-0.324525
P10645,61,90,30,1.63242,1.72623,5.36903,64,1.06932,-0.695986,4.42813,0.706602,2.77255,0.0683062,1.21702,-0.909454,-0.212568
Q14061,31,60,30,1.63194,1.71733,5.52605,32,0.465305,-0.926054,4.36949,1.01825,0.366241,-0.930727,1.17649,-1.15655,-0.549779
B3EWG3,31,60,30,1.63118,1.67052,5.32876,51,0.986801,-0.320155,4.41836,1.91301,0.994025,1.04382,-0.639382,-0.837701,-0.581652
B3EWG5,31,60,30,1.63118,1.67052,5.32876,51,0.986801,-0.320155,4.41836,1.91301,0.994025,1.04382,-0.639382,-0.837701,-0.581652
B3EWG6,31,60,30,1.63118,1.67052,5.32876,51,0.986801,-0.320155,4.41836,1.91301,0.994025,1.04382,-0.639382,-0.837701,-0.581652
Q6ZVS7,91,120,30,1.62995,1.77581,5.02867,118,1.38412,0.430772,4.06164,3.21918,2.71536,-0.662574,-0.044901,-0.147079,-0.614329
P09486,91,120,30,1.62781,1.75107,5.01308,109,0.495368,-0.631972,4.22778,0.118184,2.714,0.122164,-0.7853,-0.502256,-0.74075
P83916,31,60,30,1.62776,1.70134,5.78641,37,0.316239,-1.51399,4.26199,0.342869,-0.526173,-0.305288,-0.661,-1.13368,-0.705127
P31415,361,390,30,1.6256,1.81146,5.9906,373,1.07008,-1.57224,4.41836,0.751627,2.28844,1.35825,-0.477251,-0.9978,0.421144
P16949,91,120,30,1.6237,1.68846,5.09891,99,1.47784,-0.0414054,4.43791,2.66211,2.74511,1.71023,-0.493464,-0.256054,0.100538
O00273,61,90,30,1.62112,1.69882,5.47775,85,0.134918,-1.14735,4.3304,-0.113563,0.273599,-0.889764,-0.774491,-1.08435,-0.603348
Q9NX55,61,90,30,1.61969,1.73418,5.61289,81,1.24765,-0.541779,4.43302,1.78588,2.54741,0.649369,0.933291,-1.0413,-0.610311
Q2NKX9,121,150,30,1.6189,1.72376,5.51142,138,0.431233,-0.65589,4.35483,-0.36694,-0.489806,2.08458,-0.528592,-1.00722,0.411502
Q96DX7,31,60,30,1.61797,1.70368,5.57971,43,0.346401,-0.911804,4.43791,0.424091,-0.529698,-0.615163,-0.312418,-1.13592,-0.719591
P16401,61,90,30,1.61772,1.78528,5.67389,66,0.815681,-1.32394,4.34995,1.23145,2.38509,0.279567,0.652263,-0.988382,-0.692271
P00736,241,270,30,1.61649,1.69528,5.45347,258,-0.0655996,-0.876264,4.28153,-0.755834,-0.548492,-0.80215,-0.842046,-1.08032,-0.886455
P20963,31,60,30,1.61622,1.71112,5.61322,40,0.616915,-0.931035,4.35972,0.0652133,0.0576065,-1.23529,1.21702,-0.571318,-0.869314
P00736,211,240,30,1.61578,1.68434,5.49605,222,-0.153073,-1.18124,4.26199,-0.805274,-0.522505,-0.42628,-0.852855,-0.854742,-0.879492
P00736,271,300,30,1.61395,1.6736,5.47288,283,-0.0369204,-0.542134,4.34506,-0.777023,-0.577743,0.126337,-0.842046,-1.04982,-0.685039
P52298,1,30,30,1.61342,1.69912,5.24133,18,0.985477,0.139336,4.43302,0.809012,2.66439,-0.294289,-0.642084,-0.295967,-0.427376
A1L162,61,90,30,1.6129,1.74446,5.56935,72,0.731282,-0.994994,4.43791,2.02116,0.760554,1.16368,-0.393483,-1.11305,-0.3264
P07919,31,60,30,1.61244,1.7988,5.5787,42,0.300329,-1.16034,4.41836,1.85474,-0.3591,-0.254085,-0.442122,-1.10767,-0.751731
P02585,121,150,30,1.61221,1.71932,5.37948,121,0.683246,-0.722596,4.40859,0.268268,1.91602,0.677436,-0.706937,-0.970892,-0.584599
B3EWG3,61,89,29,1.61157,1.67902,5.24046,62,1.09337,0.218132,4.42813,2.38578,1.70994,1.2384,-0.682617,-0.544411,-0.579778
B3EWG5,61,89,29,1.61157,1.67902,5.24046,62,1.09337,0.218132,4.42813,2.38578,1.70994,1.2384,-0.682617,-0.544411,-0.579778
B3EWG6,61,89,29,1.61157,1.67902,5.24046,62,1.09337,0.218132,4.42813,2.38578,1.70994,1.2384,-0.682617,-0.544411,-0.579778
P53041,121,150,30,1.61156,1.80874,5.71176,124,0.381358,-1.2675,4.3304,-0.227009,2.16225,-0.0166534,-0.620467,-0.92515,-0.832352
Q7Z7G2,61,90,30,1.61149,1.73073,5.31925,79,1.10032,-0.699097,4.39881,2.6727,2.16631,0.471105,0.125337,-0.672669,-0.236941
A0A096LP55,61,90,30,1.61111,1.70837,5.41978,84,0.353017,-0.852193,4.39393,1.58724,-0.189407,-0.428176,-0.642084,-0.627824,-0.742357
Q9NYJ1,31,60,30,1.61085,1.67374,5.71642,54,0.335344,-1.14969,4.39393,0.821813,-0.526623,0.372492,-0.185415,-0.955196,-0.584867
P09486,271,300,30,1.6108,1.82312,5.5562,271,0.216519,-1.49457,4.06164,-0.329419,2.27838,-0.662953,-0.777194,-0.966856,-0.878152
O00161,1,30,30,1.61078,1.77069,5.39813,25,1.06334,-0.0517936,4.42813,1.56826,2.47533,0.550755,-0.7853,-0.969995,-0.64647
P07919,91,91,1,1.60595,1.60595,5.31863,91,0.957903,0.305752,4.38904,1.08005,2.12284,-0.929589,0.363129,1.13864,-0.806639
P49918,31,60,30,1.60573,1.7101,5.16743,42,1.1339,-0.297617,4.37927,1.81281,2.78172,0.178298,1.16568,-0.613922,-0.788158
O75496,91,120,30,1.60498,1.73324,5.38169,98,0.675317,-0.66003,4.40859,2.76628,0.543486,0.615992,-0.366461,-0.667736,-0.383718
P10645,31,60,30,1.6049,1.70145,5.41194,59,1.08375,-0.688149,4.41836,0.303582,2.77678,0.498035,1.20621,-0.937707,0.0236679
A0A096LP55,91,91,1,1.60381,1.60381,5.25854,91,1.00395,0.290329,4.36461,1.33342,2.17831,-0.893937,0.292872,1.23058,-0.764588
P09497,91,120,30,1.60095,1.7801,5.43889,104,1.07017,-0.739556,4.41836,2.64092,1.57053,1.48455,-0.450229,-0.892861,-0.307383
P14314,181,210,30,1.60086,1.64397,5.54522,196,0.51171,-0.723117,4.43302,-0.416821,-0.163264,1.14851,0.268553,-1.0987,-0.136501
A0A7I2V6D3,1,23,23,1.60043,1.65971,5.66322,15,0.98864,0.985552,4.4037,1.59563,2.15642,-1.24022,-0.331333,-0.104028,0.121966
P0CE72,1,30,30,1.60032,1.73781,5.31928,25,0.791286,-1.05884,4.22289,1.65478,2.24046,0.381595,-0.539401,-0.806309,-0.510139
Q9H446,121,150,30,1.60014,1.71991,5.35329,150,1.12113,-0.489886,4.26687,0.892882,2.73081,-0.295048,0.914375,-0.897346,-0.667094
O00273,31,60,30,1.59985,1.68292,5.52017,47,0.148932,-1.04443,4.30108,-0.172714,0.207284,-0.809736,-0.571827,-1.14893,-0.832352
Q537H7,1,30,30,1.59964,1.75789,5.16573,22,0.964861,-0.757144,4.40859,1.64948,2.63613,0.79691,-0.688022,-0.33857,-0.522192
P18859,61,90,30,1.59932,1.75791,5.2828,71,0.819235,-0.833418,4.27176,1.6049,2.46133,-0.397075,-0.26648,-0.887031,-0.317829
P10912,271,300,30,1.59784,1.70959,5.65236,277,0.601794,-0.811044,4.39393,-0.549248,0.494181,-1.25843,1.18189,0.0910507,-0.877617
Q99801,151,180,30,1.59627,1.68311,5.78897,166,0.118363,-1.58562,4.20335,-0.618993,-0.180458,-0.319701,-0.80962,-1.05565,-0.54469
P29762,31,60,30,1.59544,1.83872,5.69221,31,0.296803,-0.107342,4.4037,1.87726,2.35435,-0.368249,-0.639382,-1.07,-0.877081
Q9H446,91,120,30,1.59403,1.70132,5.48179,101,0.230299,-1.00612,4.28153,-0.313969,1.37804,-0.302254,-0.231352,-1.10408,-0.920471
A0ABB0MV48,1,24,24,1.59383,1.65012,5.69903,5,0.554161,0.391201,4.42325,0.0965544,-0.126975,-1.26488,-0.390781,-0.892413,-0.164356
P07919,61,90,30,1.59332,1.68958,5.55296,79,0.306326,-1.01894,4.36461,0.521645,-0.391721,-0.566615,-0.685319,-0.963269,-0.795122
O14958,241,270,30,1.59182,1.75177,5.5675,260,0.234649,-0.91757,4.37927,-0.0610338,1.68204,-0.317805,-0.674511,-1.0839,-0.769141
P83916,121,150,30,1.59142,1.73472,5.77164,149,0.259359,-1.33862,4.43302,0.417911,-0.49857,1.03093,-0.771789,-0.894655,-0.457642
Q08209,391,420,30,1.59129,1.67252,5.24196,402,0.685718,-0.660885,4.32551,0.602426,1.91861,-0.698226,-0.274587,-0.198203,-0.861278
Q9P2W3,31,60,30,1.59075,1.67575,5.22233,48,0.748558,-0.265267,4.38904,2.35135,1.59413,0.212055,-0.63668,-0.37041,-0.484962
P0CE71,31,60,30,1.5903,1.78508,5.3488,59,0.537745,-1.02329,4.32551,1.14626,2.25321,-0.491137,-0.474549,-0.868196,-0.617811
O95721,61,90,30,1.58996,1.7023,5.38262,64,1.03103,0.318162,4.37927,0.737943,2.76496,0.696021,-0.542103,-0.974031,-0.367112
O95405,691,720,30,1.58988,1.69934,5.47209,712,0.33189,-0.753494,4.39881,-0.74215,0.713059,-0.602647,-0.563721,-1.0422,-0.655041
P0CE72,31,60,30,1.58969,1.79881,5.41327,59,0.529196,-1.04378,4.36949,1.12331,2.23769,-0.501757,-0.501571,-0.86999,-0.614865
A0A669KAW2,1,30,30,1.58962,1.67977,5.6178,15,0.744989,0.374242,4.39881,1.43672,0.36631,-1.21822,-0.415101,-0.990176,-0.176141
O00631,1,30,30,1.58885,1.7128,5.66483,19,0.178082,-0.789947,4.19846,1.13831,-0.439202,-1.26639,-0.750172,-0.886134,-0.889134
O75496,121,150,30,1.58728,1.65685,5.36609,150,0.599132,-0.611868,4.42325,1.59695,1.09107,0.466175,-0.328631,-0.803618,-0.741821
Q9BSF0,61,90,30,1.58703,1.77926,5.07276,77,0.919726,-0.0885518,4.31574,2.02204,2.25973,-0.757015,-0.388079,-0.740835,-0.741286
P51671,1,30,30,1.58701,1.74843,5.56483,8,1.02103,-0.483913,4.34995,-0.268944,2.46295,-1.20874,1.83312,-0.28924,0.577295
Q9BPZ3,31,60,30,1.58699,1.75561,5.24964,56,1.50145,-0.126162,4.42325,2.96801,2.66014,-0.00641271,1.20351,-0.778505,-0.185784
P42766,91,120,30,1.58698,1.70663,5.11179,98,1.27076,-0.331874,4.40859,2.11916,2.64201,1.85473,-0.669106,-0.354266,0.0177754
P14314,361,390,30,1.58601,1.74454,5.46667,380,0.25197,-0.65939,4.39393,-0.531591,-0.546074,1.58961,-0.790705,-1.04354,-0.494069
Q6ZVS7,61,90,30,1.58501,1.75422,5.01457,64,1.50987,0.567743,4.34506,3.12295,2.50501,0.210158,-0.417803,-0.154703,-0.669504
P82930,1,30,30,1.58445,1.74889,5.28212,18,0.751696,-0.902853,4.37927,1.97393,-0.26134,-0.446382,-0.536699,-0.797788,-0.60683
P11473,91,120,30,1.58318,1.79806,5.39544,91,0.576011,-0.601111,4.40859,-0.362526,2.40855,-0.36256,-0.663702,-0.560555,-0.844137
I3L3R5,31,60,30,1.58289,1.68387,5.21649,38,0.860707,-0.4128,4.37438,0.216622,2.64795,0.4529,0.965717,-0.84084,-0.565582
P46527,31,60,30,1.58275,1.68758,5.11551,54,1.43746,-0.624354,4.43791,2.01277,2.77565,0.694124,1.0738,-0.64038,-0.273635
Q14061,61,63,3,1.58135,1.5964,5.3791,63,0.767677,0.306708,4.41347,0.865955,1.87378,-0.965621,0.584709,0.415733,-0.821102
P82979,1,30,30,1.58095,1.7454,5.53811,16,0.903751,-1.31089,4.21801,2.12931,1.00368,0.108131,1.12515,-1.16149,-0.649952
P48454,391,420,30,1.57914,1.69287,5.25716,396,0.63816,-0.750033,4.35972,0.38348,1.77215,-0.826424,-0.344844,-0.224214,-0.866635
Q9BUW7,31,60,30,1.57882,1.69398,5.31646,57,0.699851,-0.56249,4.43302,1.52279,0.631779,1.4288,-0.563721,-0.883443,-0.757892
Q8N300,31,60,30,1.57865,1.67092,5.03018,39,0.992851,-0.36708,4.34506,1.87946,2.54942,0.67516,-0.601552,-0.0533521,-0.524602
P0CE71,1,30,30,1.57822,1.71718,5.29525,10,0.837068,-0.411386,4.37438,1.54177,2.46795,-0.0124812,-0.625871,-0.616164,-0.346756
Q9H446,61,90,30,1.57795,1.65578,5.4868,68,0.215191,-0.6997,4.39393,-0.460081,0.740735,0.629646,-0.420505,-1.09287,-0.613258
P29762,121,137,17,1.57734,1.74944,5.79504,122,-0.118147,-1.43532,4.35972,0.0647719,-0.536872,-0.74905,-0.852855,-1.1005,-0.886991
O00161,181,210,30,1.57718,1.63782,5.12374,199,1.14202,0.294006,4.42813,1.21777,2.68762,0.911075,-0.650191,-0.459653,-0.207479
Q9H169,91,120,30,1.57663,1.76796,5.31386,107,0.82768,-0.501491,4.21801,2.61002,1.92325,0.261362,-0.782598,-0.398663,-0.891009
P60880,1,30,30,1.57562,1.7989,5.39445,30,1.21353,-0.0327042,4.43791,1.42921,2.71791,0.6964,-0.801513,-0.956542,-0.698163
O95424,61,90,30,1.57535,1.67338,5.66003,87,1.01143,0.939921,4.34506,2.47803,2.6716,-1.14388,-0.563721,0.866879,0.982538
A6NL82,91,120,30,1.57468,1.74774,5.02011,120,1.30601,0.669221,4.02743,3.28981,2.69349,-0.657643,-0.40159,0.581661,-0.578974
Q13442,121,150,30,1.57346,1.74107,5.49854,122,1.18402,-0.682247,4.42813,2.78659,2.55349,1.43183,1.12785,-1.05879,0.220799
P10412,31,60,30,1.57323,1.79972,5.70646,47,1.25112,-1.27833,4.42813,1.1957,2.70283,0.868216,0.854927,-1.1431,-0.200247
O14610,31,60,30,1.57302,1.75272,5.09888,40,1.15923,0.00509624,4.25221,2.48995,2.14959,0.36832,-0.769087,-0.84667,-0.627453
Q13951,121,150,30,1.57241,1.63908,5.33473,130,0.287404,-0.564858,4.39881,0.425415,-0.230235,0.347459,-0.720448,-0.935913,-0.748517
O95721,91,120,30,1.57165,1.6649,5.18049,91,1.15038,0.26782,4.38904,1.3524,2.82214,1.26836,-0.752874,0.0838754,-0.672451
P09486,61,90,30,1.57063,1.84027,5.43938,78,0.942968,-1.09921,4.34017,0.00208976,2.70044,-0.438796,-0.48806,-0.971789,-0.327471
P09486,121,150,30,1.57052,1.77841,5.34618,133,0.185328,-1.07931,4.26687,-0.25835,2.2258,-0.581407,-0.720448,-0.547999,-0.752803
D0EPY3,1,28,28,1.57002,1.6906,5.64839,13,0.197065,-0.704219,4.39881,0.503988,-0.424123,-1.24591,-0.842046,-0.36458,-0.52112
Q99547,31,60,30,1.56924,1.65753,5.07303,45,1.30417,0.521464,4.15448,2.45596,2.74815,-0.186952,0.927886,-0.680293,-0.614329
Q8N183,91,120,30,1.56692,1.69587,5.32373,94,1.20453,-0.593889,4.32063,2.32883,1.13759,0.652024,-0.544806,-0.864608,-0.48148
P09486,301,303,3,1.56678,1.59329,5.01217,301,0.846152,-0.0103928,4.17891,0.856686,2.41526,-0.833251,0.138848,0.174463,-0.659058
Q9NRI7,1,21,21,1.56635,1.6238,5.69491,10,0.543683,0.255444,4.38415,0.0736004,0.547017,-1.26601,-0.304311,-0.883443,-0.0165082
A0A0A0MT93,1,23,23,1.56566,1.63358,5.65934,5,0.844734,0.386362,4.42813,0.852713,1.91462,-1.2296,-0.736661,0.69512,0.269546
Q9H3H9,151,180,30,1.56551,1.68528,5.1718,154,0.969773,-0.44988,4.42325,1.16392,2.65835,0.989586,0.119932,-0.696437,-0.577367
Q96EI5,151,180,30,1.56471,1.67826,5.06287,160,1.11352,-0.509636,4.41836,0.956006,2.69713,1.31843,0.40096,-0.640829,-0.59183
Q9H169,121,150,30,1.56433,1.68505,5.34613,143,0.836042,-0.0619577,4.34506,1.31974,2.34363,0.923212,-0.750172,-0.631411,-0.71718
P09497,151,180,30,1.56399,1.62771,5.12289,173,0.719149,-0.18898,4.39881,0.626704,2.02867,0.202193,-0.682617,-0.484318,-0.481212
O14810,31,60,30,1.5638,1.63299,5.27207,60,1.15674,-0.193866,4.43791,2.54557,0.0113378,0.652782,-0.485357,-0.456514,0.336774
Q14257,181,210,30,1.56363,1.77226,5.31663,210,0.431438,-1.22079,4.09584,-0.445955,2.46948,-0.130818,-0.793407,-0.718412,-0.557815
Q9Y291,61,90,30,1.56274,1.76533,5.42258,63,0.758841,-1.10458,4.24733,2.32795,0.348956,-0.387972,-0.412398,-0.857881,-0.735393
P09486,151,180,30,1.56237,1.71692,5.38938,179,0.0584103,-0.833572,4.26687,-0.145346,1.58117,-0.316287,-0.804216,-1.07224,-0.830477
O75506,31,60,30,1.56155,1.66713,5.25834,32,0.687138,0.0170488,4.42813,1.80884,-0.369443,0.732053,-0.596147,-0.561452,-0.830209
Q9H446,1,30,30,1.56145,1.65746,5.49599,24,0.453096,-0.820345,4.41836,-0.581031,0.0886168,0.233295,-0.406994,-1.07762,-0.525674
A6NGS2,61,90,30,1.5605,1.66058,5.42585,68,0.466382,-1.0026,4.42325,0.563139,-0.42632,-0.328425,-0.801513,-0.571767,-0.415859
Q2NKX9,151,166,16,1.56033,1.75377,5.65103,151,0.477654,-1.27176,4.37927,-0.225685,-0.544358,1.39694,-0.796109,-1.13951,0.0392027
P16403,31,60,30,1.55991,1.79565,5.68558,47,1.27279,-1.25256,4.43302,1.19658,2.69822,0.883766,0.806288,-1.14624,-0.180963
A0A075B6Z5,1,21,21,1.55965,1.64864,5.66048,10,1.41793,0.718724,4.43302,2.17433,2.59127,-1.09875,-0.536699,1.11846,1.45474
P31415,31,60,30,1.55944,1.83169,5.47721,59,0.735931,-0.936881,4.36461,-0.474648,1.80382,-1.10103,-0.601552,-1.1126,-0.874403
A0A1B0GVY4,1,30,30,1.55899,1.72448,5.61392,20,0.729026,-0.625685,4.40859,1.89624,1.05026,-1.20533,1.14676,-0.349333,-0.640042
A0A1B0GVZ2,31,60,30,1.55855,1.6852,5.42548,49,0.439739,-0.63714,4.27176,1.86931,0.188435,0.112682,-0.80962,-0.808103,-0.803425
O75161,1021,1021,1,1.55832,1.55832,5.01058,1021,0.095499,0.334322,4.10562,-0.583679,-0.579243,-0.199847,-0.755576,-0.904969,-0.65263
Q96CT7,181,210,30,1.55715,1.69748,5.9232,184,0.487369,-1.38687,4.29131,0.0952301,1.48573,1.23802,0.500941,-1.01439,-0.591563
Q9H169,151,180,30,1.55666,1.69099,5.07166,162,1.14331,-0.093202,4.28642,1.19393,2.61581,1.42993,-0.669106,-0.721551,-0.525138
