predictor_a,predictor_b,common_proteins,matched_residues,residue_spearman,residue_pearson,residue_zscore_mae,protein_spearman,protein_pearson,protein_zscore_mae
atlas,chezod,20659,11456702,0.804006,0.766222,0.496368,0.892633,0.866888,0.386541
atlas,disprot,20659,11456702,0.866774,0.799895,0.429647,0.933264,0.88848,0.324899
atlas,pdbflex,20659,11456702,0.397378,0.129391,0.866498,0.61037,0.54631,0.709764
atlas,plddt,20659,11456702,0.813176,0.783664,0.456698,0.85405,0.7847,0.45523
atlas,softdis,20659,11456702,0.855393,0.789845,0.459573,0.912408,0.849228,0.359305
atlas,trizod,20659,11456702,0.812676,0.751634,0.456235,0.918027,0.85434,0.385679
chezod,disprot,20659,11456702,0.855081,0.925031,0.292262,0.934552,0.952239,0.230152
chezod,pdbflex,20659,11456702,0.458588,0.355121,0.84059,0.615881,0.556844,0.739361
chezod,plddt,20659,11456702,0.845469,0.915369,0.320752,0.909845,0.917951,0.313763
chezod,softdis,20659,11456702,0.811431,0.867116,0.385137,0.896202,0.894328,0.336681
chezod,trizod,20659,11456702,0.955227,0.962036,0.221924,0.980046,0.982735,0.139842
disprot,pdbflex,20659,11456702,0.507872,0.344096,0.821401,0.669268,0.607099,0.687208
disprot,plddt,20659,11456702,0.894091,0.940588,0.24993,0.942352,0.927614,0.276945
disprot,softdis,20659,11456702,0.863369,0.877606,0.330251,0.917692,0.881364,0.307246
disprot,trizod,20659,11456702,0.867406,0.93877,0.246672,0.958151,0.954381,0.206561
pdbflex,plddt,20659,11456702,0.557118,0.390476,0.78019,0.705861,0.64799,0.644268
pdbflex,softdis,20659,11456702,0.568781,0.407224,0.770099,0.708999,0.640137,0.655537
pdbflex,trizod,20659,11456702,0.50373,0.346802,0.80887,0.645033,0.558519,0.732147
plddt,softdis,20659,11456702,0.868132,0.910745,0.303695,0.923485,0.91808,0.262247
plddt,trizod,20659,11456702,0.854218,0.924289,0.287333,0.935306,0.930619,0.28365
softdis,trizod,20659,11456702,0.814875,0.859791,0.383247,0.922556,0.901464,0.301993
