protein_id,start_residue,end_residue,window_size,mean_std,max_std,max_range,max_disagreement_residue,mean_score,DisoFLAG_scaled_score_at_max,DisorderUnetLM_scaled_score_at_max,PUNCH2_light_scaled_score_at_max,atlas_scaled_score_at_max,chezod_scaled_score_at_max,disprot_scaled_score_at_max,pdbflex_scaled_score_at_max,plddt_scaled_score_at_max,softdis_scaled_score_at_max,trizod_scaled_score_at_max
P48594,331,360,30,2.21886,3.31697,11.8268,343,0.809873,-0.66137,0.27615,-0.7853,-0.565179,0.791994,0.442828,11.0164,1.07122,0.163154,0.520532
P29508,331,360,30,2.13998,3.47175,12.1957,342,0.867408,-0.563374,0.375719,-0.709639,-0.674955,0.56617,0.260615,11.486,0.861823,-0.0844925,0.345335
P01011,361,390,30,2.1184,3.27474,11.5426,373,0.724791,-0.678585,-0.0846661,-0.728554,-0.741711,0.945825,0.469236,10.8009,1.08104,0.00912998,0.588466
Q9UIV8,331,360,30,2.05946,3.30348,11.6208,343,0.684473,-0.54969,0.105982,-0.74747,-0.614133,0.396365,0.0150239,10.8304,0.565972,-0.223416,0.216619
P01009,361,390,30,2.04079,3.25224,11.475,370,0.507818,-0.675054,0.236084,-0.728554,-0.669021,0.787617,0.326635,10.7464,0.885671,0.0514111,0.38109
Q86WD7,361,390,30,2.03597,3.36104,11.8274,366,0.687853,-0.665784,-0.0160195,-0.633978,-0.640836,0.956985,0.461314,11.1616,1.00738,0.138993,0.677852
O75830,331,360,30,2.00207,3.26406,11.4966,346,0.581782,-0.634001,-0.163416,-0.63668,-0.657154,0.951952,0.601275,10.8395,1.10978,0.232616,0.724333
P29622,361,390,30,1.96693,3.34617,11.7316,377,0.522083,-0.689621,-0.168922,-0.701532,-0.677922,0.828974,0.34512,11.03,0.963336,0.0151701,0.527683
O75635,331,360,30,1.95213,3.2312,11.4295,335,0.688857,-0.489656,0.49831,-0.628573,-0.568146,0.77033,0.440188,10.8009,0.898903,0.145034,0.520532
O95140,601,630,30,1.94921,2.48319,9.0789,611,0.831171,-0.431829,-0.521671,0.198296,1.02509,0.659607,1.12151,8.55723,1.01928,1.14166,0.38109
Q9UK55,391,420,30,1.94799,3.18993,11.2141,396,0.390353,-0.551014,-0.469919,-0.7853,-0.700174,0.755232,0.199878,10.4288,0.844838,-0.0210708,0.334609
Q8IW75,361,390,30,1.93174,3.14316,11.2044,366,0.587068,-0.581031,0.475533,-0.447527,-0.673472,0.908625,0.471877,10.5309,0.97173,0.271877,0.642098
Q96P15,331,360,30,1.91842,3.3073,11.6062,344,0.666391,-0.503781,0.242756,-0.655595,-0.605233,0.576893,0.215722,10.9506,0.674645,-0.00295034,0.323883
P05120,361,390,30,1.90344,3.1631,11.2028,367,0.8029,-0.37312,0.708896,-0.504273,-0.676439,0.577549,0.221004,10.5264,0.655636,-0.0512716,0.331034
O95236,181,210,30,1.89615,2.30406,8.40286,188,0.707552,-0.339572,0.69334,-0.701532,-0.0756377,0.243191,1.03172,7.69062,1.52003,-0.0542917,0.338185
Q86U17,361,390,30,1.87955,3.19686,11.4562,371,0.857015,-0.648568,0.474044,-0.31512,-0.750612,0.948669,0.450751,10.7056,1.09551,0.172214,0.767238
O95236,211,240,30,1.86753,2.34312,8.34578,233,0.799903,-0.42256,-0.558125,-0.652893,-0.367879,0.773175,1.32749,7.69289,1.73831,0.570865,0.54556
P20848,361,390,30,1.86746,3.09134,10.9139,372,0.599229,-0.597363,0.295679,-0.533997,-0.677922,0.658294,0.213082,10.236,0.720218,0.0574513,0.370364
Q8IWA4,571,600,30,1.86268,2.44919,8.96983,591,1.18908,-0.40402,-0.53057,0.236126,0.676476,0.657856,1.12415,8.43926,1.21347,1.17186,0.42042
P05155,451,480,30,1.8578,3.12225,11.0633,455,0.298763,-0.743474,-0.335254,-0.766385,-0.473205,0.798777,0.405858,10.2723,0.898755,0.117853,0.491929
O95259,181,210,30,1.83916,2.28811,8.23522,196,0.762311,-0.271593,-0.503821,0.349618,-0.68979,0.548227,0.231567,7.54543,0.1417,0.0997324,0.270251
P05543,361,390,30,1.83587,3.29272,11.7517,363,0.797345,-0.527618,1.11536,-0.461038,-0.723909,0.793307,0.421702,11.0278,0.857577,0.0936922,0.563438
Q9BPW4,181,210,30,1.82282,2.3114,8.33778,197,0.66254,-0.166093,-0.389037,-0.544806,-0.427218,0.0532541,1.09774,7.60441,1.1278,0.238656,0.130809
P30740,331,360,30,1.81833,3.30862,11.6981,332,0.534112,-0.512169,0.346198,-0.690724,-0.596332,0.692649,0.342479,11.0073,0.835704,0.169194,0.402543
Q5TGY1,211,240,30,1.80753,2.65105,9.3714,223,0.731513,-0.336923,-0.428505,0.654965,-0.424251,0.0633199,0.759721,8.9429,1.08494,1.15072,0.259525
Q8NCM2,181,210,30,1.79456,2.52688,9.04642,193,0.607991,-0.25835,-0.515916,0.333405,-0.661604,0.533128,0.347761,8.38482,0.209293,0.232616,0.298855
Q9BPW4,151,180,30,1.78776,2.41714,8.71454,179,0.815648,-0.124599,-0.558848,-0.555614,0.12908,0.909282,1.34597,8.15569,1.92164,0.561805,1.09618
Q9H295,151,180,30,1.77694,2.31452,8.26684,178,0.85478,-0.434478,-0.503623,-0.261076,0.381268,0.222622,0.463955,7.76322,0.817287,0.951395,0.209468
P08697,391,420,30,1.76726,3.41442,12.0103,392,0.276344,-0.498926,-0.148799,-0.742065,-0.590398,0.710373,0.168189,11.2682,0.827755,-0.0210708,0.402543
Q99574,331,360,30,1.75639,3.27578,11.5543,350,0.308208,-0.576175,-0.116944,-0.704235,-0.627485,0.660482,0.363605,10.8213,0.902359,0.0604713,0.449023
P36955,361,390,30,1.74828,2.96223,10.4347,368,0.656076,-0.382831,0.274979,-0.415101,-0.588915,0.436847,0.0282278,9.8458,0.706936,0.120873,0.345335
P51809,121,150,30,1.74627,2.02711,7.06341,140,0.76864,0.423208,2.61038,-0.771789,-0.762479,-0.43034,-0.209441,5.92337,-0.514286,-0.404621,-0.401933
P05154,361,390,30,1.73749,3.16213,11.169,362,0.502327,-0.65519,0.106769,-0.688022,-0.6082,0.813,0.400576,10.481,1.10386,0.111813,0.556287
P48595,331,360,30,1.73054,3.19632,11.1369,349,0.357073,-0.533798,-0.0433548,-0.590743,-0.6082,0.582363,0.118014,10.5287,0.641268,-0.144894,0.345335
Q5T1A1,271,300,30,1.71725,2.43483,8.80616,285,0.614888,-0.759366,-0.557131,-0.639382,1.43897,0.751949,0.783488,8.04679,0.960028,0.486303,0.0592997
Q9H252,211,240,30,1.71641,2.72361,9.64743,234,1.12209,-0.253936,-0.525317,-0.415101,-0.459854,0.898341,0.656731,9.12212,0.54879,0.866833,0.903105
O95236,331,360,30,1.71505,2.44886,8.81339,347,0.427679,-0.107383,-0.558001,-0.388079,-0.977581,0.154131,0.00974239,7.83581,1.23894,-0.507304,0.155837
O95391,241,270,30,1.65916,2.38738,8.6315,248,1.25086,0.397605,1.05829,1.23323,0.855975,1.5443,1.19545,9.0291,1.04451,1.60977,1.40367
Q17RQ9,181,210,30,1.65002,2.23113,7.82844,185,0.312119,-0.611047,-0.383767,-0.666404,-0.307057,-0.0263967,0.471877,7.16204,0.316188,0.872873,-0.541375
Q9BQE5,151,180,30,1.64897,2.25436,7.83544,164,0.268354,-0.394308,-0.561385,-0.823131,-0.726876,-0.353315,1.02644,7.01231,0.551555,-0.694549,-0.398357
O60242,1081,1110,30,1.62091,2.33186,8.08141,1097,0.234204,-0.827786,-0.577329,-0.547508,-0.85297,-0.664479,-0.542178,7.18018,0.256199,-0.531464,-0.509196
P01008,391,420,30,1.59614,3.38619,11.9058,414,0.160531,-0.581913,-0.0209319,-0.69883,-0.667538,0.920223,0.353042,11.207,0.960374,-0.0633519,0.638522
P55212,181,210,30,1.58979,3.27524,11.517,200,0.955677,-0.656955,-0.445361,-0.750172,-0.203215,0.344505,0.0863247,10.7669,0.352923,0.329258,0.363213
Q9BWW9,181,210,30,1.57782,2.38977,8.38081,182,0.543821,-0.28925,-0.562604,-0.701532,-0.680889,0.0615693,0.984186,7.67928,1.15555,-0.0240909,-0.169529
Q6IE37,601,630,30,1.57696,2.41333,8.55951,619,0.530817,-0.753186,-0.494584,-0.639382,-0.4198,0.332032,0.0282278,7.80632,0.4178,0.0574513,0.413269
P49810,271,300,30,1.5761,2.55398,8.99915,295,0.304192,-0.182867,0.243877,-0.725852,-0.913792,-0.121146,-0.249053,8.08536,-0.0555503,-0.785151,-0.366178
Q8WUA2,211,240,30,1.57563,2.17857,8.15028,229,0.696411,0.172479,0.938879,-0.706937,-0.109757,0.573173,0.458673,7.44334,0.499268,0.906094,0.363213
Q5DID0,1081,1110,30,1.57134,2.08848,7.29042,1101,0.180988,-0.770401,-0.563352,-0.72315,-0.347111,-0.092043,0.239489,6.52002,0.806573,-0.679448,-0.269641
P05546,451,480,30,1.56934,3.19092,11.1692,451,0.207248,-0.706836,-0.511316,-0.731256,-0.633418,0.888275,0.252693,10.4379,0.995528,-0.00295034,0.431146
Q8NCS7,211,240,30,1.5658,2.20516,7.74681,227,0.223854,-0.389894,-0.564357,-0.307013,0.0875428,0.121526,-0.0906068,7.18245,0.470384,-0.0935527,-0.223161
O14791,211,240,30,1.56206,2.039,7.24904,223,0.274968,-0.337365,-0.566528,-0.788002,-0.716492,0.199208,1.00003,6.46103,0.975137,-0.205296,0.134384
Q14152,631,660,30,1.55813,2.08457,7.40516,633,0.705489,-0.479062,-0.343682,-0.0367945,0.338247,-0.15747,0.680498,6.9261,0.555653,1.06616,-0.208859
Q16566,181,210,30,1.55678,2.71015,9.39991,190,0.0319065,-0.769077,-0.492862,-0.817726,-0.663088,-0.258566,-0.275461,8.58219,0.340135,-0.163015,-0.394782
P49768,271,300,30,1.53172,2.64342,9.29521,289,0.506798,0.189253,0.0899243,-0.731256,-0.894507,-0.154626,-0.183034,8.4007,-0.0202477,-0.821392,-0.416235
P36382,121,150,30,1.53119,2.60684,9.33131,143,0.940373,-0.703746,-0.401068,0.206402,-0.437602,0.11715,0.226285,8.62756,0.573971,0.661467,0.209468
Q9BWW8,211,240,30,1.52342,2.2325,7.99058,239,0.349157,0.256791,-0.54381,-0.531295,-0.941978,-0.229681,0.426984,7.0486,1.13462,-0.582806,-0.280368
Q17RQ9,151,180,30,1.51657,2.1508,7.56107,168,0.965374,0.349049,0.307613,0.441493,0.587469,0.1933,0.617119,7.59534,0.798871,1.35005,0.0342716
P07093,331,360,30,1.51266,2.99083,10.6282,353,0.125246,-0.706395,0.377989,-0.72315,-0.606716,0.644508,0.205159,9.86849,0.85338,0.123893,0.352486
P35237,331,360,30,1.50412,3.20519,11.3961,331,0.25241,-0.530708,0.407001,-0.650191,-0.654187,0.821316,0.701624,10.7419,1.08608,0.450062,0.62422
P51809,151,180,30,1.50327,2.06607,7.50419,155,1.09935,0.840794,2.7772,-0.766385,-0.738744,0.421311,0.627682,6.66748,0.358897,0.585965,0.427571
P57075,211,240,30,1.49475,2.42901,8.65305,224,0.136343,-0.783203,-0.162454,-0.244863,-0.422767,-0.486577,0.0836839,7.86984,0.588438,0.37456,-0.0729918
Q13571,121,150,30,1.49393,2.7849,9.7225,136,0.194709,-0.66446,-0.400149,-0.520486,-0.403482,-0.927064,-0.412781,8.79544,0.679385,-0.471063,-0.437687
Q9Y6J9,121,150,30,1.48376,1.96786,7.26219,150,1.3863,-0.49716,0.643596,-0.0854338,-0.0430016,0.343192,0.511488,6.76503,0.982098,1.30172,0.645673
P29466,301,330,30,1.47834,2.58779,9.08681,322,0.775888,-0.643713,-0.479651,-0.760981,-0.511775,-0.0154556,-0.153985,8.32583,0.411184,0.0634914,0.130809
Q8IWA4,601,630,30,1.47783,2.14463,7.58723,609,0.187287,-0.585003,-0.586464,-0.704235,0.344181,-0.0452153,0.374168,6.883,0.445993,0.181275,-0.530649
P13805,181,210,30,1.46816,2.08884,7.31187,196,1.08257,0.87964,2.3908,0.192891,1.01916,0.164196,0.580148,7.33899,0.628135,0.486303,0.0271207
P19447,241,270,30,1.4647,2.31374,8.73979,246,1.02367,0.512817,1.64964,1.54669,-0.409416,0.750855,1.11094,8.33037,1.3329,1.35307,0.209468
Q9NXW2,181,210,30,1.4598,2.77394,10.2851,197,1.25827,1.81237,1.29832,0.406364,-0.584464,0.372514,0.939293,9.70061,0.700665,0.75207,0.363213
O60443,181,210,30,1.45948,2.19962,7.95041,204,1.11167,-0.0760422,0.287248,-0.677213,-0.590398,0.0186804,0.368887,7.2732,0.674941,0.3957,0.198742
Q6N069,631,660,30,1.45455,2.8477,9.98293,641,0.751978,0.260322,2.62115,0.214509,0.520713,1.02241,0.952497,10.1974,0.927441,1.58561,0.642098
Q8IXS2,481,484,4,1.45399,1.47552,6.30374,484,1.4877,0.450576,1.56598,0.992739,5.27965,1.57712,1.47009,-0.970942,1.49105,1.38025,1.40724
Q92771,211,240,30,1.4519,1.87291,7.26151,240,1.66155,1.44422,0.610627,1.26026,-0.249202,1.12613,0.870633,7.01231,0.999626,1.61279,1.2392
Q96L42,181,210,30,1.44415,2.42262,8.77964,198,0.928553,-0.218181,-0.514423,0.295575,-0.387164,0.966832,0.865351,8.26004,0.686001,0.993676,0.903105
Q969Y2,271,300,30,1.44219,2.4741,8.92451,276,0.358421,-0.680351,-0.537306,-0.431314,0.213637,0.538599,0.772925,8.24416,1.19169,0.842672,0.245223
Q9NRY5,151,180,30,1.42953,1.81298,6.84237,170,1.86273,2.38666,2.39881,1.23864,0.321929,1.05152,1.37502,7.1643,1.72049,1.15374,1.35719
Q96JB2,661,690,30,1.42542,2.29928,8.10378,681,0.300715,-0.525411,-0.562936,-0.615062,0.140947,0.0873902,0.00182008,7.48872,-0.00829912,0.172214,0.677852
Q9Y2P7,211,240,30,1.42314,1.88784,6.88835,216,0.906305,0.670405,-0.327499,1.21702,-0.00146478,-0.00867219,0.920808,6.56085,1.4511,1.22622,0.0843278
Q96HL8,121,150,30,1.41875,2.48444,8.7221,148,0.39767,-0.6212,-0.58131,-0.796109,-0.327826,-0.31349,-0.0932476,7.91295,0.146489,-0.199256,-0.0944445
P19237,181,187,7,1.41785,1.49876,6.35313,184,1.67407,1.78676,2.65945,1.21432,5.45025,1.51979,1.51498,-0.902884,1.1435,1.46783,1.49663
P50453,331,360,30,1.4177,3.02314,10.8425,331,0.329337,-0.59339,0.316467,-0.674511,-0.551828,1.0955,0.817818,10.1679,1.24655,0.637307,0.888803
O00506,151,180,30,1.41743,2.78441,9.6973,162,0.0974265,-0.784527,-0.536703,-0.790705,-0.710558,0.201396,-0.185674,8.9066,0.273381,0.0061099,-0.0658409
Q9H819,151,180,30,1.4143,2.46753,9.02077,169,0.886994,1.25573,0.803323,0.144252,-0.620067,0.0250262,0.701624,8.4007,0.409752,0.253756,0.0449979
P13805,151,180,30,1.41412,1.96414,7.32441,176,1.5335,1.6614,2.45705,0.071293,0.440606,1.23511,1.14791,7.3957,0.920035,1.38327,1.26423
Q9BWW9,151,180,30,1.41136,2.23675,7.90944,180,0.545372,-0.302492,-0.564547,-0.679915,-0.628968,0.097456,0.838944,7.16884,1.128,-0.0693921,-0.169529
P52735,151,180,30,1.40923,1.69841,6.40375,177,0.801913,0.980726,0.130389,0.727924,-0.587431,-0.418743,-0.256975,5.45604,0.212404,-0.0995929,-0.434112
A0AAG2SWI5,691,720,30,1.40311,2.19537,7.72225,717,1.02342,-0.641064,-0.334707,-0.374568,-0.664571,0.156975,-0.227927,7.05768,0.166881,-0.0512716,0.331034
Q3MJ16,631,660,30,1.4022,1.99351,7.1106,637,0.221973,-0.188164,0.00935683,-0.490762,-0.488039,0.0296215,0.635605,6.61984,0.923541,0.634287,0.270251
P07900,271,300,30,1.40187,2.67474,9.48001,281,0.715008,0.632884,1.61176,0.390151,0.0534232,0.485426,0.236848,9.43972,0.22297,1.27756,1.13551
Q2Y0W8,271,300,30,1.40126,2.555,9.10168,287,0.719372,-0.623849,-0.373415,0.0685908,-0.477655,0.145815,0.677857,8.47783,0.689902,1.1326,0.0807524
Q8TBM8,181,210,30,1.39862,2.84912,10.5703,195,1.24458,1.39919,1.55514,0.409066,-0.577047,0.364636,0.889118,9.99326,0.777887,0.975556,0.402543
Q9BXJ9,631,660,30,1.3979,2.80118,9.87588,641,0.805188,0.37112,2.63591,0.317192,0.161716,0.968801,0.947215,10.0069,0.818818,1.57353,0.756512
Q8N4L1,151,180,30,1.39737,1.97304,6.98645,180,0.318051,-0.278656,-0.490905,-0.650191,0.29226,0.043626,-0.0589176,6.33626,-0.581682,0.202415,0.134384
P35212,121,150,30,1.39666,2.25088,7.97612,145,0.314874,-0.721845,-0.504287,-0.40159,-0.590398,-0.140621,0.0176647,7.22102,0.495713,0.359459,-0.105171
A2RU48,121,150,30,1.39481,1.69572,5.95816,139,0.0782982,-0.426532,-0.577734,-0.731256,-0.686823,-0.434717,0.342479,5.22691,0.506032,-0.0542917,-0.362603
P45378,151,180,30,1.39458,2.16451,7.7303,179,1.33296,2.22245,2.40626,0.355023,0.0964435,0.963768,0.728031,7.82674,0.528892,1.15676,0.695729
P47871,331,360,30,1.39223,2.03888,7.04936,357,0.203117,-0.792914,-0.579761,-0.80962,-0.566663,-0.226399,-0.869634,6.17973,-0.0862116,-0.73079,-0.451989
Q8NDM7,1111,1140,30,1.39182,2.05813,7.43233,1115,0.460052,-0.606633,-0.47449,-0.728554,1.41079,0.430939,0.34512,6.70378,0.351392,0.552744,0.0342716
P48664,241,270,30,1.38796,2.24877,7.88672,253,0.38315,-0.0835464,-0.493281,-0.466442,-0.33376,0.388488,-0.196238,7.39343,0.102941,1.04804,0.588466
Q9HBI1,211,240,30,1.38774,1.92811,6.79424,227,0.37074,0.00253118,0.198899,-0.231352,-0.445019,-0.277165,0.00182008,6.17519,-0.222534,-0.619047,-0.291094
Q96LR9,121,150,30,1.38505,1.94501,6.82254,135,0.180864,-0.390336,-0.572176,-0.788002,-0.556279,-0.274977,1.07397,6.03453,0.424268,-0.386501,-0.412659
P27815,331,360,30,1.38479,2.2461,8.11404,335,0.737647,-0.0707451,-0.0824385,1.37915,0.0029856,1.44692,1.00531,7.9742,0.511315,1.2383,1.36076
O15498,151,180,30,1.38275,1.77491,5.31809,151,0.396667,1.99821,2.74126,-0.704235,-0.660121,-0.471041,-0.484081,4.59397,-0.724127,-0.289858,-0.330424
P49137,211,240,30,1.38021,2.26588,7.87377,211,0.336315,-0.760249,-0.548157,-0.812322,-0.557762,-0.294671,-0.433907,7.03046,0.0433463,-0.501264,-0.49847
P51654,361,390,30,1.37946,1.92245,6.66634,383,0.689789,-0.566464,-0.488683,-0.620467,-0.467271,-0.103859,-0.452392,6.04588,0.00547629,0.37758,-0.276792
Q9BWW8,121,150,30,1.37802,2.01337,7.08493,124,0.69725,0.270475,-0.51591,-0.193521,-0.539961,0.0637575,1.40935,6.54497,1.09645,-0.0482515,-0.208859
P45379,181,210,30,1.37691,2.01127,7.46452,210,1.38133,2.25776,2.53785,0.892758,0.117212,1.32504,0.873274,7.58173,0.872981,1.42555,1.01752
Q8NEW0,211,240,30,1.37501,2.60865,9.11423,233,1.18979,0.255025,-0.439778,-0.752874,-0.878189,-0.795771,-0.389014,8.16476,-0.0107678,-0.597906,-0.523498
Q9BQE5,271,300,30,1.37418,2.11306,7.67447,282,0.211158,0.553869,-0.550782,-0.533997,-1.05917,-0.140184,-0.00346146,6.6153,0.891892,-0.634147,-0.237462
Q9Y4A8,691,694,4,1.37138,1.43429,5.68017,692,1.13516,0.341103,-0.275797,1.29809,4.8272,1.34955,1.50706,-0.852975,1.26121,1.52521,0.97819
Q8IW70,181,210,30,1.37035,2.14471,7.56888,195,0.187475,-0.536447,-0.540163,-0.731256,0.323413,0.072948,-0.124937,6.83762,-0.663939,0.0695316,0.370364
Q16740,271,277,7,1.36965,1.41634,5.96926,274,1.62805,1.81943,2.67952,1.40347,5.04823,1.35196,1.50706,-0.921033,0.906852,1.60071,1.34289
Q96P63,361,390,30,1.3679,3.0484,10.9215,361,0.20874,-0.561167,0.348386,-0.601552,-0.384197,1.18565,0.881196,10.3199,1.27721,0.576905,0.93886
A2RU48,151,180,30,1.36683,1.94667,6.82721,168,-0.114284,0.0603577,-0.580665,-0.752874,-0.842586,-0.273227,-0.127578,5.98463,0.39736,-0.721729,-0.587856
P25686,151,180,30,1.36648,1.92422,7.51718,155,1.07539,2.24805,1.19649,1.28457,-0.400515,1.42132,1.57836,7.11666,1.03192,0.274897,1.73618
P49903,391,392,2,1.36572,1.38082,5.75765,391,1.52102,1.81104,2.74289,1.11704,4.80939,1.32023,1.41199,-0.948256,1.11882,1.46481,1.02825
Q07343,301,330,30,1.36446,2.33831,8.49633,312,1.01593,0.0290166,0.0589479,1.25485,-0.213599,1.25874,1.00795,8.28273,0.567306,1.40139,0.981765
Q9H2G2,781,810,30,1.36416,2.44421,8.93473,791,1.17497,1.67994,0.0739525,0.652263,0.790702,0.935759,1.34597,9.00869,0.766629,1.34099,1.33573
Q8N4M1,181,210,30,1.36264,2.14135,7.6131,197,0.0579859,-0.734646,-0.571384,-0.61236,0.0489728,0.313213,0.0493539,6.87846,0.817386,0.157114,-0.337575
Q12809,361,390,30,1.36232,2.1421,7.65166,386,1.11915,-0.718755,-0.522038,-0.566423,-0.513258,1.08609,0.606556,6.93291,0.322261,0.277917,0.903105
Q5T1A1,241,270,30,1.36029,1.82587,6.59708,264,0.104726,-0.780113,-0.583628,-0.782598,0.37385,0.162665,0.588071,5.81448,0.766432,0.607106,-0.212434
Q5BN46,61,90,30,1.35814,1.44207,4.3354,79,0.426834,3.17946,2.77,-0.528592,-0.0103655,0.827661,-0.301868,-0.537637,-1.12213,-1.063,1.04612
O43752,181,210,30,1.35787,1.66003,5.70755,194,0.703131,0.907008,2.79714,-0.752874,-0.6082,0.222403,0.683138,4.95467,0.320583,-0.304958,0.42042
Q58FF8,181,210,30,1.35691,2.43174,8.6196,194,1.1045,1.73424,2.55999,0.706307,0.0193036,0.470327,0.191955,8.6389,0.196209,1.26548,1.25707
P55291,811,814,4,1.35496,1.40958,5.94038,812,1.30937,0.534446,0.578082,1.25485,4.97851,1.55787,1.53611,-0.961868,1.41649,1.43159,1.42512
Q9UNS2,421,423,3,1.3548,1.39466,5.87617,421,1.58167,1.88211,2.64033,1.32511,5.09125,1.50097,1.4384,-0.784916,1.28437,1.32588,1.15339
P29692,151,180,30,1.35453,2.19052,8.08567,158,1.60759,2.31603,2.57114,1.48454,0.301161,1.1769,1.28787,8.35986,0.583846,1.67319,1.13908
Q15773,91,120,30,1.35328,1.96396,6.61995,101,1.01519,3.00465,2.75,0.822501,-0.614133,0.251944,0.804614,5.77138,-0.242629,-0.848573,0.0807524
Q5TGY1,181,210,30,1.35138,1.68536,6.43063,196,1.0332,-0.330302,0.277769,0.987334,0.897512,0.763328,1.05021,6.10032,1.3726,1.28964,0.273827
Q9UJX6,481,510,30,1.35131,2.79309,10.086,498,0.804281,-0.634884,-0.00702546,-0.0692207,-0.447986,0.68696,0.61976,9.45107,0.732265,1.18696,1.12478
Q8IYB8,781,786,6,1.34898,1.43547,5.90697,783,1.66224,2.65593,2.71555,1.444,5.06307,1.20775,1.47801,-0.8439,1.41309,1.48595,1.03897
P21754,421,424,4,1.3479,1.38357,5.92616,422,1.3925,0.642154,1.48914,1.30619,5.04823,1.48303,1.46745,-0.877929,1.31379,1.37119,1.17484
P15498,151,180,30,1.34705,1.72869,6.74047,164,0.775897,1.29899,0.259698,1.48724,-0.676439,0.762672,0.471877,6.06403,0.803413,0.887973,0.327458
Q9HBW9,601,630,30,1.3465,1.95001,6.70572,616,0.0943722,-0.707719,-0.527723,-0.563721,-0.704624,-0.784611,-0.486722,5.9211,0.27506,-0.38348,-0.691544
P48454,511,512,2,1.34621,1.36032,5.75547,512,1.66454,1.30076,2.6491,1.09002,4.80494,1.50732,1.57044,-0.950525,1.71634,1.50407,1.09618
P17544,481,483,3,1.34537,1.36968,5.39089,481,1.22257,-0.0261613,0.000207884,1.38726,4.46078,1.68194,1.54931,-0.930107,1.44878,1.46179,1.61104
Q6P2M8,151,180,30,1.34355,2.42645,8.51526,161,0.0760322,-0.684765,-0.460611,-0.804216,-0.575564,-0.123334,-0.124937,7.71104,0.28765,0.0302705,-0.305396
Q08289,331,360,30,1.34351,2.5767,9.05665,349,0.304235,-0.660487,-0.555055,-0.604254,-0.172063,0.121089,-0.0483545,8.39616,0.356132,0.951395,0.162988
Q86TP1,451,453,3,1.34313,1.35459,5.47606,452,1.61017,2.52615,2.75744,1.17379,4.52457,1.19309,1.45688,-0.943719,1.3136,1.41045,0.795842
P51957,151,180,30,1.34078,2.44636,8.53082,153,0.120419,-0.822048,-0.458747,-0.766385,-0.715009,-0.267975,-0.151345,7.70877,0.155673,0.0061099,-0.398357
Q9UBN7,961,990,30,1.3407,1.38854,4.19399,968,0.824346,3.24346,2.79043,1.79259,-0.151294,-0.312833,1.45424,-0.950525,0.660573,-0.773071,0.316732
O75396,151,180,30,1.34067,1.9852,6.49246,151,0.929695,0.418793,2.51386,-0.763683,-0.894507,-0.757259,-0.320354,5.59669,-0.581731,-0.703609,-0.530649
P43220,331,360,30,1.34039,2.10861,7.27019,359,0.193526,-0.780113,-0.581163,-0.806918,-0.591882,-0.278478,-0.85907,6.41112,-0.0357018,-0.72777,-0.477017
Q9UNS1,661,690,30,1.33928,2.40951,8.53386,686,1.36614,-0.339572,-0.217057,-0.177308,-0.385681,0.276014,0.664653,8.12846,0.771468,1.11146,0.892379
P35251,1141,1148,8,1.3391,1.38465,5.56603,1147,1.64453,2.61267,2.69471,1.34402,4.66995,1.10359,1.45688,-0.896078,1.19648,1.35911,0.735059
Q8WWI5,181,210,30,1.3385,1.73143,6.17374,200,0.069661,-0.740384,-0.549755,-0.658297,0.0875428,-0.128148,-0.198878,5.43335,0.268394,0.202415,-0.355452
Q9UHH9,151,180,30,1.33798,1.56703,5.73238,175,1.22193,0.920692,2.68236,0.711711,-0.367879,0.255664,0.382091,5.12709,0.0425563,0.637307,0.120082
Q5T197,331,360,30,1.33582,2.12334,7.73089,333,0.480351,-0.555869,-0.557417,-0.666404,0.52368,0.747792,0.846866,7.06448,0.733154,0.694688,0.49908
Q86UP6,361,390,30,1.33577,1.83512,6.45897,387,0.17421,-0.583238,-0.156575,-0.515082,-0.538477,0.137938,0.75708,5.87573,0.890213,-0.401601,0.524108
P48546,331,360,30,1.33498,1.73193,6.00434,348,0.0521012,-0.768194,-0.577748,-0.796109,-0.489523,-0.311083,-0.843226,5.16112,-0.137363,-0.721729,-0.462716
Q9NRU3,571,600,30,1.33432,1.57622,5.61829,595,0.731173,-0.532033,-0.475268,-0.444825,-0.332276,0.300084,0.426984,5.08625,0.331494,0.199395,0.280977
O94905,331,339,9,1.3327,1.43677,6.05478,337,1.75047,2.1377,2.75202,1.29268,5.16097,1.4373,1.4965,-0.89381,1.38282,1.45575,1.22847
Q9H9F9,601,607,7,1.33053,1.44655,6.23777,601,1.698,1.88035,2.61102,1.67369,5.35531,1.49331,1.59156,-0.882467,1.416,1.58561,1.51093
Q9BY07,271,300,30,1.32968,2.20379,8.08032,290,0.97952,-0.212442,1.00991,1.04138,-0.412383,0.366387,0.72275,7.66794,0.588142,1.28058,0.313156
Q14694,571,600,30,1.32943,2.05368,7.36221,594,1.09173,-0.281746,0.352482,0.673881,-0.397548,0.273169,0.651449,6.96467,0.072329,-0.00295034,0.795842
P36952,331,360,30,1.32905,2.59132,9.24213,331,0.252906,0.190578,-0.217439,-0.496166,-0.630452,0.673393,0.10481,8.61168,0.610557,0.0604713,0.477627
Q5MJ10,121,150,30,1.32854,1.43759,4.31626,125,0.802029,3.18078,2.74347,1.71422,-0.657154,0.174919,1.57044,-0.989091,0.350108,-1.13548,1.16054
Q92769,481,488,8,1.32591,1.39787,5.64814,487,1.78295,2.70051,2.77737,1.28728,4.72484,1.27471,1.56516,-0.923302,1.78083,1.46481,0.735059
P51878,331,360,30,1.32504,2.80313,9.80822,352,0.838163,-0.63974,-0.479473,-0.650191,-0.470238,0.234,-0.209441,9.09943,0.493787,-0.0180507,0.384665
Q9Y314,151,180,30,1.32237,1.89385,6.85608,170,1.44171,1.73909,2.66743,0.633348,0.21067,1.00009,1.15848,7.06675,0.471865,1.25944,1.15339
Q12851,151,180,30,1.32234,2.59569,9.04861,158,0.0192435,-0.796004,-0.538856,-0.674511,-0.790665,0.13378,-0.492004,8.22828,0.301771,-0.0512716,-0.123048
Q9UKW4,151,180,30,1.32224,1.61252,5.81643,178,0.81495,1.2778,0.197757,0.992739,-0.566663,-0.350689,-0.315072,5.17927,0.174336,0.132953,-0.280368
Q9H4B7,451,451,1,1.32213,1.32213,5.47327,451,1.50759,1.46497,2.64905,1.13055,4.61803,1.15392,1.39615,-0.855243,1.40785,1.38629,0.724333
Q8IUB9,31,60,30,1.32026,1.40656,4.27637,49,0.713204,3.15297,2.80059,1.41428,-0.370846,-0.247187,1.39086,-0.923302,0.237881,-1.1234,0.295279
Q6STE5,481,483,3,1.31915,1.33358,5.36131,483,1.02039,-0.0407283,0.182373,0.717116,4.42666,1.47471,1.08982,-0.934645,1.20853,1.37421,0.760087
Q8N4E4,241,241,1,1.31803,1.31803,5.32503,241,1.39094,0.719844,2.54155,1.11974,4.61951,0.956766,1.40671,-0.705515,1.0764,1.42857,0.745785
Q7Z3F1,631,660,30,1.31698,1.95669,6.78723,654,0.858696,-0.571319,-0.517254,-0.442122,-0.597815,-0.581108,-0.436548,6.05268,-0.0711525,-0.268717,-0.552102
Q7Z419,301,303,3,1.31679,1.34104,5.63829,301,1.45009,1.06724,2.50683,1.40617,4.80346,1.33598,1.36446,-0.834826,1.23366,1.47991,0.949586
A6NL82,91,120,30,1.31526,1.37758,4.39481,120,0.553146,3.28981,2.69349,-0.40159,1.39744,0.606871,-0.370528,-0.494534,-0.262527,-1.0479,0.234497
P53618,661,690,30,1.31523,1.60327,5.89912,689,1.2433,0.981608,0.65575,0.173976,1.5532,0.932914,1.00795,6.0731,0.593622,1.46783,0.634947
P43308,181,183,3,1.31519,1.36282,5.71324,181,1.41054,1.67685,2.48157,1.02516,4.83758,1.33029,1.3222,-0.875661,0.990097,1.36213,1.01752
O60241,1141,1170,30,1.31391,1.94236,6.8794,1148,-0.0856631,-0.830435,-0.566326,-0.436718,-0.802533,-0.166442,-0.227927,6.04361,0.591894,0.259797,-0.330424
O60264,631,660,30,1.31372,1.65451,6.0878,644,0.441826,0.12304,-0.395822,0.40096,0.127596,0.219339,0.442828,5.69197,0.758236,1.11146,0.152261
O43615,271,300,30,1.31223,1.7513,6.1449,291,0.31925,1.00942,0.631724,-0.655595,-0.511775,-0.704742,-0.201519,5.44016,0.254915,-0.407641,-0.412659
P36578,421,427,7,1.31218,1.35199,5.51402,422,1.7289,2.96095,2.79407,1.73854,4.66105,1.39463,1.58628,-0.852975,1.60782,1.52219,1.14981
Q8IVH8,151,180,30,1.31059,2.66336,9.17235,158,-0.0582751,-0.806157,-0.543708,-0.752874,-0.835169,-0.177383,-0.594994,8.33718,0.105657,-0.35932,-0.466291
P31944,151,180,30,1.3102,3.00237,10.6061,160,0.183159,-0.614579,-0.461411,-0.801513,-0.173546,-0.0587822,-0.214723,9.73464,0.171571,0.0212103,0.130809
O75150,151,180,30,1.31019,1.66671,6.00417,172,0.52755,-0.573085,-0.515652,-0.561019,0.271492,0.192643,0.672575,5.43108,0.344085,1.04502,0.552711
O75955,421,427,7,1.30806,1.44642,6.03428,425,1.40822,0.97278,2.43048,0.725222,5.12685,1.54911,1.40143,-0.907421,1.32658,1.24434,1.15339
Q9UNK0,151,180,30,1.30685,1.54205,5.08882,155,0.668532,1.38595,2.45553,-0.496166,-0.255136,-0.246749,0.944574,4.5917,-0.014224,-0.301938,0.070026
O60512,391,393,3,1.30653,1.32148,5.52563,391,1.46787,0.960861,2.67281,1.25755,4.6477,1.3699,1.5097,-0.877929,1.5462,1.32891,1.10691
Q9HBH9,241,270,30,1.30533,2.11806,7.41184,254,0.158644,-0.784527,-0.520823,-0.798811,-0.686823,-0.290514,-0.114374,6.61303,0.199813,-0.283818,-0.0372374
P98198,1201,1209,9,1.30444,1.35947,5.80558,1205,1.71257,2.60119,1.90487,1.58182,5.06603,1.40666,1.55195,-0.739544,1.37369,1.53125,1.34289
Q99442,391,399,9,1.30442,1.3825,5.87791,396,1.65624,1.24735,2.69598,1.60343,5.04081,1.46224,1.56251,-0.837094,1.46053,1.42555,1.38222
O43752,151,180,30,1.30395,1.7912,6.31437,173,0.756506,1.02354,2.72245,-0.788002,0.0029856,-0.348501,0.794051,5.52637,0.203368,0.00308982,-0.0122092
Q9BZJ0,841,848,8,1.30372,1.3783,5.87014,846,1.63999,2.23172,2.23284,1.32511,5.01263,1.37559,1.47537,-0.857512,1.37877,1.35307,1.05685
Q9NZJ5,1111,1116,6,1.30328,1.38552,5.59405,1112,1.18849,1.23101,-0.227356,1.54398,4.78417,1.10578,1.53875,-0.809871,1.07458,1.48595,1.12478
Q8WUX9,451,453,3,1.30316,1.33705,5.66142,451,1.28924,0.631118,1.34929,1.30889,4.97406,1.26487,1.48593,-0.687366,1.25558,1.19904,1.16054
Q9UQ05,181,210,30,1.30316,2.26505,8.24987,203,1.07389,-0.180218,-0.511606,0.571198,-0.407933,1.03685,0.815177,7.73826,0.514376,0.936295,0.971039
Q92545,1,30,30,1.30313,2.02108,7.63771,2,0.946519,-0.498043,-0.429241,1.78178,6.58658,0.878647,1.55459,-0.984554,1.63522,1.36817,0.338185
Q03252,1,30,30,1.30309,1.73815,6.72373,2,1.20001,-0.460081,-0.0125438,1.81961,5.69354,1.05261,1.57572,-0.980017,1.40583,1.42857,0.567013
Q8TDX7,181,210,30,1.30299,2.27769,7.9384,183,0.183352,-0.769077,-0.53008,-0.796109,-0.864838,-0.164035,-0.365247,7.07356,0.214675,-0.241537,-0.505621
Q6ZVS7,91,120,30,1.30275,1.38353,4.38266,120,0.546345,3.23243,2.71249,-0.0935404,1.11706,0.274263,-0.473518,-0.623845,-0.456568,-1.063,-0.17668
Q86XH1,811,822,12,1.30033,1.45827,6.05941,820,1.66433,2.8943,2.03047,1.20351,5.15652,1.37712,1.50178,-0.902884,1.35413,1.47085,1.03182
Q96LR9,181,210,30,1.30023,1.71721,6.23652,199,0.169602,0.0532949,-0.463023,-0.728554,-0.706108,-1.19337,-0.346761,5.04315,0.332877,-0.857633,-0.662941
O00204,361,365,5,1.29789,1.33883,5.47241,362,1.43621,0.986905,2.73027,1.53588,4.7011,1.02504,1.55459,-0.771305,1.20828,1.38629,0.853049
Q96EY1,181,210,30,1.29729,2.28336,8.18005,181,0.998573,1.57488,2.23108,-0.288098,-0.378263,0.0622258,1.02644,7.80178,0.462385,1.0722,0.170139
Q5BN46,31,60,30,1.29652,1.34925,4.28021,36,0.471583,3.11104,2.75436,-0.490762,-0.38123,0.367919,-0.521052,-0.372029,-0.681912,-0.75193,0.306006
Q9Y2Y4,481,487,7,1.2965,1.38878,5.43434,485,1.19333,-0.0760422,-0.058181,1.44671,4.48155,1.64802,1.51234,-0.952794,1.43723,1.40743,1.69328
Q15427,421,424,4,1.29574,1.34371,5.06767,422,1.06543,-0.229658,-0.410639,1.36834,4.16706,1.54868,1.52818,-0.900615,1.18592,1.33797,1.37506
P23396,241,243,3,1.29568,1.32723,5.46395,241,1.57368,2.30985,2.714,1.33321,4.74709,1.33401,1.48857,-0.716858,1.0216,1.47085,1.18557
